{
  "type": "FeatureCollection",
  "generator": "overpass-turbo",
  "copyright": "The data included in this document is from www.openstreetmap.org. The data is made available under ODbL.",
  "timestamp": "2026-08-23T18:13:16Z",
  "features": [
    {
      "type": "Feature",
      "properties": {
        "@id": "relation/1558782",
        "golf": "water_hazard",
        "natural": "water",
        "type": "multipolygon"
      },
      "geometry": {
        "type": "Polygon",
        "coordinates": [
          [
            [
              -88.3177707,
              41.9231023
            ],
            [
              -88.3177153,
              41.9231477
            ],
            [
              -88.3177436,
              41.9233478
            ],
            [
              -88.317826,
              41.9237491
            ],
            [
              -88.3178729,
              41.9238768
            ],
            [
              -88.3178997,
              41.9239843
            ],
            [
              -88.3179411,
              41.9240392
            ],
            [
              -88.3179146,
              41.9240912
            ],
            [
              -88.3178446,
              41.9241883
            ],
            [
              -88.3178202,
              41.9242791
            ],
            [
              -88.3178504,
              41.9243367
            ],
            [
              -88.3178882,
              41.9244774
            ],
            [
              -88.317954,
              41.924616
            ],
            [
              -88.3181023,
              41.9247563
            ],
            [
              -88.3181445,
              41.9248373
            ],
            [
              -88.318238,
              41.9249068
            ],
            [
              -88.3183444,
              41.9249225
            ],
            [
              -88.3184832,
              41.9249084
            ],
            [
              -88.3186073,
              41.9248471
            ],
            [
              -88.3186865,
              41.9247258
            ],
            [
              -88.3186862,
              41.9245825
            ],
            [
              -88.31866,
              41.9245073
            ],
            [
              -88.3186013,
              41.924465
            ],
            [
              -88.3183677,
              41.9243479
            ],
            [
              -88.3183047,
              41.9242939
            ],
            [
              -88.3182862,
              41.9242072
            ],
            [
              -88.3183063,
              41.9241469
            ],
            [
              -88.3183369,
              41.9241157
            ],
            [
              -88.3183535,
              41.9239905
            ],
            [
              -88.3183865,
              41.92398
            ],
            [
              -88.3184032,
              41.923989
            ],
            [
              -88.3184147,
              41.9239952
            ],
            [
              -88.3184156,
              41.9240304
            ],
            [
              -88.3184156,
              41.9240675
            ],
            [
              -88.3184106,
              41.9241145
            ],
            [
              -88.3184106,
              41.9241529
            ],
            [
              -88.3184173,
              41.9241887
            ],
            [
              -88.3184522,
              41.9242246
            ],
            [
              -88.318502,
              41.9242605
            ],
            [
              -88.3185818,
              41.9242852
            ],
            [
              -88.3186599,
              41.9242951
            ],
            [
              -88.3187247,
              41.9243074
            ],
            [
              -88.3187563,
              41.9243186
            ],
            [
              -88.3188095,
              41.9243235
            ],
            [
              -88.3188594,
              41.9243161
            ],
            [
              -88.3188993,
              41.9242914
            ],
            [
              -88.3189425,
              41.924253
            ],
            [
              -88.3189691,
              41.9242135
            ],
            [
              -88.3189824,
              41.9241479
            ],
            [
              -88.3189707,
              41.9240626
            ],
            [
              -88.3189491,
              41.9240131
            ],
            [
              -88.3189441,
              41.923976
            ],
            [
              -88.3189408,
              41.9239513
            ],
            [
              -88.318891,
              41.9239018
            ],
            [
              -88.3188511,
              41.923882
            ],
            [
              -88.3187946,
              41.9238697
            ],
            [
              -88.3187198,
              41.9238623
            ],
            [
              -88.3186749,
              41.9238487
            ],
            [
              -88.3186317,
              41.9238462
            ],
            [
              -88.3185552,
              41.923866
            ],
            [
              -88.3185187,
              41.9239006
            ],
            [
              -88.3184705,
              41.9239501
            ],
            [
              -88.3184455,
              41.9239575
            ],
            [
              -88.3184085,
              41.9239351
            ],
            [
              -88.3183838,
              41.9238215
            ],
            [
              -88.318351,
              41.9235145
            ],
            [
              -88.3183724,
              41.923251
            ],
            [
              -88.3184905,
              41.9232031
            ],
            [
              -88.3186943,
              41.9232989
            ],
            [
              -88.3190162,
              41.9236502
            ],
            [
              -88.31922,
              41.9239695
            ],
            [
              -88.3192844,
              41.9245442
            ],
            [
              -88.3192629,
              41.9249353
            ],
            [
              -88.3191235,
              41.9252467
            ],
            [
              -88.3187801,
              41.925566
            ],
            [
              -88.318587,
              41.9257096
            ],
            [
              -88.3182759,
              41.9261886
            ],
            [
              -88.3182534,
              41.9263503
            ],
            [
              -88.3180422,
              41.9264801
            ],
            [
              -88.3179862,
              41.9265318
            ],
            [
              -88.3177764,
              41.9267806
            ],
            [
              -88.3175394,
              41.9269475
            ],
            [
              -88.3172781,
              41.9271385
            ],
            [
              -88.3169133,
              41.9275855
            ],
            [
              -88.3166773,
              41.9280724
            ],
            [
              -88.3166666,
              41.9289584
            ],
            [
              -88.3168168,
              41.9298524
            ],
            [
              -88.3168168,
              41.9306665
            ],
            [
              -88.3165807,
              41.931768
            ],
            [
              -88.316291,
              41.9319995
            ],
            [
              -88.3161545,
              41.9321657
            ],
            [
              -88.315937,
              41.9324305
            ],
            [
              -88.3154005,
              41.9337713
            ],
            [
              -88.3152074,
              41.9345615
            ],
            [
              -88.3148426,
              41.9358624
            ],
            [
              -88.3143277,
              41.936046
            ],
            [
              -88.3138341,
              41.9370676
            ],
            [
              -88.3134479,
              41.9375863
            ],
            [
              -88.313126,
              41.9378497
            ],
            [
              -88.3127291,
              41.9382966
            ],
            [
              -88.3124716,
              41.9385919
            ],
            [
              -88.3124716,
              41.9390069
            ],
            [
              -88.3124501,
              41.9392064
            ],
            [
              -88.3119137,
              41.9396932
            ],
            [
              -88.3116455,
              41.9400843
            ],
            [
              -88.3112378,
              41.9409143
            ],
            [
              -88.3112699,
              41.9412335
            ],
            [
              -88.3108944,
              41.9415208
            ],
            [
              -88.3106369,
              41.9425024
            ],
            [
              -88.3107806,
              41.943019
            ],
            [
              -88.3108499,
              41.9432681
            ],
            [
              -88.3114523,
              41.9453991
            ],
            [
              -88.3114202,
              41.945862
            ],
            [
              -88.3117849,
              41.947051
            ],
            [
              -88.3119244,
              41.9476814
            ],
            [
              -88.3117742,
              41.9479527
            ],
            [
              -88.311696,
              41.948366
            ],
            [
              -88.3116776,
              41.9484634
            ],
            [
              -88.3117141,
              41.9486356
            ],
            [
              -88.311705,
              41.9487569
            ],
            [
              -88.3115663,
              41.9488531
            ],
            [
              -88.3114813,
              41.9489833
            ],
            [
              -88.3114325,
              41.9491711
            ],
            [
              -88.3114907,
              41.949422
            ],
            [
              -88.3116817,
              41.9496522
            ],
            [
              -88.3117749,
              41.9497645
            ],
            [
              -88.3118699,
              41.9498134
            ],
            [
              -88.3121897,
              41.9502915
            ],
            [
              -88.3124243,
              41.9507949
            ],
            [
              -88.3125681,
              41.9512721
            ],
            [
              -88.3124727,
              41.9521864
            ],
            [
              -88.3124127,
              41.952436
            ],
            [
              -88.3122677,
              41.953227
            ],
            [
              -88.3122355,
              41.9535142
            ],
            [
              -88.3121712,
              41.954352
            ],
            [
              -88.3120532,
              41.9546233
            ],
            [
              -88.3120639,
              41.9548227
            ],
            [
              -88.3122785,
              41.9555248
            ],
            [
              -88.3126126,
              41.9564644
            ],
            [
              -88.31289,
              41.9571764
            ],
            [
              -88.3131046,
              41.9575354
            ],
            [
              -88.313287,
              41.9585248
            ],
            [
              -88.3134586,
              41.9594183
            ],
            [
              -88.3136129,
              41.9601352
            ],
            [
              -88.3136303,
              41.9602161
            ],
            [
              -88.3138663,
              41.960982
            ],
            [
              -88.3140702,
              41.9613969
            ],
            [
              -88.3144028,
              41.9617479
            ],
            [
              -88.3155508,
              41.9628169
            ],
            [
              -88.3160228,
              41.9633355
            ],
            [
              -88.3164734,
              41.9643406
            ],
            [
              -88.3166451,
              41.9650506
            ],
            [
              -88.3169884,
              41.965968
            ],
            [
              -88.3176751,
              41.9674438
            ],
            [
              -88.3181686,
              41.9684569
            ],
            [
              -88.3185334,
              41.969111
            ],
            [
              -88.3188767,
              41.9695817
            ],
            [
              -88.3191556,
              41.9702996
            ],
            [
              -88.3192415,
              41.9709856
            ],
            [
              -88.3192629,
              41.9718945
            ],
            [
              -88.3190698,
              41.9723811
            ],
            [
              -88.3184583,
              41.9725646
            ],
            [
              -88.3171923,
              41.9729554
            ],
            [
              -88.3157117,
              41.973083
            ],
            [
              -88.3152905,
              41.9730452
            ],
            [
              -88.3150966,
              41.9730278
            ],
            [
              -88.3144671,
              41.9726443
            ],
            [
              -88.3133621,
              41.9717589
            ],
            [
              -88.3128254,
              41.9708737
            ],
            [
              -88.3120102,
              41.9701241
            ],
            [
              -88.3107644,
              41.9694581
            ],
            [
              -88.3099825,
              41.9692068
            ],
            [
              -88.3092418,
              41.9688636
            ],
            [
              -88.3084268,
              41.9684809
            ],
            [
              -88.3075263,
              41.9682682
            ],
            [
              -88.3063186,
              41.9680113
            ],
            [
              -88.3060644,
              41.968004
            ],
            [
              -88.3056763,
              41.9679941
            ],
            [
              -88.3050597,
              41.9679624
            ],
            [
              -88.3042855,
              41.9677869
            ],
            [
              -88.3036582,
              41.9678123
            ],
            [
              -88.3034226,
              41.9678109
            ],
            [
              -88.3018935,
              41.9680341
            ],
            [
              -88.3002842,
              41.9683692
            ],
            [
              -88.2980202,
              41.9688639
            ],
            [
              -88.2979612,
              41.9701323
            ],
            [
              -88.298518,
              41.9699948
            ],
            [
              -88.2992381,
              41.969817
            ],
            [
              -88.2995154,
              41.96977
            ],
            [
              -88.3001039,
              41.9697428
            ],
            [
              -88.300379,
              41.9696918
            ],
            [
              -88.3004226,
              41.9696838
            ],
            [
              -88.3004787,
              41.9696726
            ],
            [
              -88.3007455,
              41.9696335
            ],
            [
              -88.3010195,
              41.969603
            ],
            [
              -88.3017379,
              41.9695817
            ],
            [
              -88.3024182,
              41.9696005
            ],
            [
              -88.3033628,
              41.9695737
            ],
            [
              -88.3038992,
              41.9695737
            ],
            [
              -88.3058822,
              41.9696785
            ],
            [
              -88.3061576,
              41.9696934
            ],
            [
              -88.3066064,
              41.9697256
            ],
            [
              -88.3069623,
              41.9697732
            ],
            [
              -88.307767,
              41.9700882
            ],
            [
              -88.3080835,
              41.970148
            ],
            [
              -88.3083333,
              41.970229
            ],
            [
              -88.3089077,
              41.9704443
            ],
            [
              -88.3096587,
              41.9706876
            ],
            [
              -88.3099235,
              41.9707583
            ],
            [
              -88.3103614,
              41.9709588
            ],
            [
              -88.3109891,
              41.9711981
            ],
            [
              -88.3114568,
              41.9714149
            ],
            [
              -88.3117367,
              41.9716277
            ],
            [
              -88.3119513,
              41.9719304
            ],
            [
              -88.3122892,
              41.9723492
            ],
            [
              -88.3125018,
              41.972614
            ],
            [
              -88.3132099,
              41.9734435
            ],
            [
              -88.3134621,
              41.9736788
            ],
            [
              -88.3140682,
              41.9740736
            ],
            [
              -88.3144169,
              41.9742212
            ],
            [
              -88.3148193,
              41.9743528
            ],
            [
              -88.3153611,
              41.9743967
            ],
            [
              -88.3156932,
              41.9743836
            ],
            [
              -88.3160872,
              41.9743194
            ],
            [
              -88.3168275,
              41.9741838
            ],
            [
              -88.3175463,
              41.9741598
            ],
            [
              -88.318072,
              41.9741279
            ],
            [
              -88.3183617,
              41.9740083
            ],
            [
              -88.3189733,
              41.9736813
            ],
            [
              -88.3194882,
              41.9732984
            ],
            [
              -88.319971,
              41.9726603
            ],
            [
              -88.3201749,
              41.9720301
            ],
            [
              -88.3201427,
              41.9713126
            ],
            [
              -88.3202714,
              41.9711052
            ],
            [
              -88.320291,
              41.9709349
            ],
            [
              -88.320189,
              41.9706916
            ],
            [
              -88.3200603,
              41.9705281
            ],
            [
              -88.3199798,
              41.9702529
            ],
            [
              -88.3200066,
              41.9699378
            ],
            [
              -88.3200442,
              41.9697423
            ],
            [
              -88.320012,
              41.9696107
            ],
            [
              -88.3197009,
              41.9690723
            ],
            [
              -88.3196053,
              41.9688883
            ],
            [
              -88.3194234,
              41.9686327
            ],
            [
              -88.3192895,
              41.9682178
            ],
            [
              -88.3192602,
              41.9681709
            ],
            [
              -88.3191449,
              41.9679863
            ],
            [
              -88.3190391,
              41.96777
            ],
            [
              -88.3188874,
              41.9674598
            ],
            [
              -88.3188552,
              41.9669572
            ],
            [
              -88.318823,
              41.9665185
            ],
            [
              -88.3187694,
              41.965992
            ],
            [
              -88.3188016,
              41.9657287
            ],
            [
              -88.318984,
              41.9656968
            ],
            [
              -88.318984,
              41.965617
            ],
            [
              -88.3185763,
              41.9650905
            ],
            [
              -88.3183617,
              41.9651464
            ],
            [
              -88.3181793,
              41.9649868
            ],
            [
              -88.3180506,
              41.9645241
            ],
            [
              -88.3180077,
              41.9640215
            ],
            [
              -88.3172996,
              41.9629446
            ],
            [
              -88.3164412,
              41.9619154
            ],
            [
              -88.3159692,
              41.9615165
            ],
            [
              -88.3154327,
              41.9608863
            ],
            [
              -88.3151967,
              41.9605352
            ],
            [
              -88.3150596,
              41.9603993
            ],
            [
              -88.3149714,
              41.9603119
            ],
            [
              -88.3148641,
              41.9600566
            ],
            [
              -88.3148426,
              41.9589955
            ],
            [
              -88.3146817,
              41.9575753
            ],
            [
              -88.3144564,
              41.9567216
            ],
            [
              -88.3144028,
              41.9563546
            ],
            [
              -88.3143805,
              41.9556075
            ],
            [
              -88.3143706,
              41.9552775
            ],
            [
              -88.3143813,
              41.9544397
            ],
            [
              -88.314435,
              41.9537855
            ],
            [
              -88.3145315,
              41.9528998
            ],
            [
              -88.3145315,
              41.9525088
            ],
            [
              -88.314392,
              41.95207
            ],
            [
              -88.3141238,
              41.9511285
            ],
            [
              -88.3136517,
              41.9499635
            ],
            [
              -88.3136091,
              41.9498226
            ],
            [
              -88.3135552,
              41.9496443
            ],
            [
              -88.3135503,
              41.9495937
            ],
            [
              -88.3133192,
              41.9472106
            ],
            [
              -88.313287,
              41.9468834
            ],
            [
              -88.3133192,
              41.9464684
            ],
            [
              -88.3132839,
              41.9463557
            ],
            [
              -88.3132441,
              41.946229
            ],
            [
              -88.3132977,
              41.945846
            ],
            [
              -88.3132862,
              41.9451074
            ],
            [
              -88.3130925,
              41.9447797
            ],
            [
              -88.3130909,
              41.9447724
            ],
            [
              -88.3130894,
              41.9447657
            ],
            [
              -88.3129391,
              41.9445388
            ],
            [
              -88.3129288,
              41.9444974
            ],
            [
              -88.3129034,
              41.9444286
            ],
            [
              -88.312861,
              41.9442847
            ],
            [
              -88.3128605,
              41.9442763
            ],
            [
              -88.3128675,
              41.9442689
            ],
            [
              -88.3128762,
              41.9442627
            ],
            [
              -88.3128787,
              41.9442587
            ],
            [
              -88.3128785,
              41.9442536
            ],
            [
              -88.3128751,
              41.9442482
            ],
            [
              -88.3128683,
              41.9442458
            ],
            [
              -88.3128554,
              41.9442417
            ],
            [
              -88.3128417,
              41.944236
            ],
            [
              -88.3128313,
              41.9442253
            ],
            [
              -88.3125962,
              41.9436735
            ],
            [
              -88.3124924,
              41.9431704
            ],
            [
              -88.3125896,
              41.9431168
            ],
            [
              -88.3126153,
              41.9429869
            ],
            [
              -88.3125882,
              41.9429712
            ],
            [
              -88.3125634,
              41.9429278
            ],
            [
              -88.3125368,
              41.9428539
            ],
            [
              -88.3125719,
              41.9428051
            ],
            [
              -88.3126112,
              41.942773
            ],
            [
              -88.3126592,
              41.9427338
            ],
            [
              -88.3127545,
              41.9424036
            ],
            [
              -88.3128463,
              41.942219
            ],
            [
              -88.3129697,
              41.9420579
            ],
            [
              -88.3130803,
              41.9419208
            ],
            [
              -88.3131896,
              41.9418405
            ],
            [
              -88.3132568,
              41.9417538
            ],
            [
              -88.3133592,
              41.9416415
            ],
            [
              -88.3134913,
              41.9415188
            ],
            [
              -88.3135041,
              41.9414996
            ],
            [
              -88.3136272,
              41.9413135
            ],
            [
              -88.3137438,
              41.9411539
            ],
            [
              -88.3139736,
              41.9407307
            ],
            [
              -88.3143599,
              41.9400604
            ],
            [
              -88.314907,
              41.9392782
            ],
            [
              -88.315304,
              41.9387515
            ],
            [
              -88.3158833,
              41.9379135
            ],
            [
              -88.3167202,
              41.9367324
            ],
            [
              -88.3167717,
              41.9366143
            ],
            [
              -88.3170331,
              41.936015
            ],
            [
              -88.3172265,
              41.9354627
            ],
            [
              -88.3175057,
              41.9346923
            ],
            [
              -88.317954,
              41.9341624
            ],
            [
              -88.3180935,
              41.9338192
            ],
            [
              -88.3181042,
              41.933476
            ],
            [
              -88.3179862,
              41.9330211
            ],
            [
              -88.3181149,
              41.9320314
            ],
            [
              -88.318351,
              41.931321
            ],
            [
              -88.3185334,
              41.9312093
            ],
            [
              -88.3186085,
              41.9310576
            ],
            [
              -88.3186167,
              41.9308545
            ],
            [
              -88.3186212,
              41.9307436
            ],
            [
              -88.3186299,
              41.9305308
            ],
            [
              -88.3187158,
              41.9303313
            ],
            [
              -88.3187479,
              41.9297885
            ],
            [
              -88.3186085,
              41.9294054
            ],
            [
              -88.3184745,
              41.9292349
            ],
            [
              -88.3182759,
              41.9289823
            ],
            [
              -88.3181149,
              41.9284475
            ],
            [
              -88.3181663,
              41.9280527
            ],
            [
              -88.3182452,
              41.927993
            ],
            [
              -88.3183347,
              41.9279793
            ],
            [
              -88.3184201,
              41.9279963
            ],
            [
              -88.318557,
              41.9280487
            ],
            [
              -88.3186876,
              41.9280473
            ],
            [
              -88.3187213,
              41.9279738
            ],
            [
              -88.3186587,
              41.9278537
            ],
            [
              -88.3183903,
              41.9277212
            ],
            [
              -88.318356,
              41.9276316
            ],
            [
              -88.3185441,
              41.9273939
            ],
            [
              -88.318688,
              41.9272036
            ],
            [
              -88.3187855,
              41.9270747
            ],
            [
              -88.3190353,
              41.9270054
            ],
            [
              -88.3191185,
              41.9270487
            ],
            [
              -88.3192012,
              41.9270736
            ],
            [
              -88.3192758,
              41.9270996
            ],
            [
              -88.3193753,
              41.9271479
            ],
            [
              -88.3194641,
              41.9271904
            ],
            [
              -88.3195158,
              41.9272414
            ],
            [
              -88.3195576,
              41.9272986
            ],
            [
              -88.3196194,
              41.9273446
            ],
            [
              -88.3196512,
              41.92735
            ],
            [
              -88.3196999,
              41.9273513
            ],
            [
              -88.3197677,
              41.9273366
            ],
            [
              -88.3198499,
              41.9273276
            ],
            [
              -88.3199187,
              41.9273281
            ],
            [
              -88.3199871,
              41.927323
            ],
            [
              -88.3200334,
              41.927337
            ],
            [
              -88.3200743,
              41.927369
            ],
            [
              -88.3201206,
              41.9273928
            ],
            [
              -88.3201755,
              41.9274099
            ],
            [
              -88.3202496,
              41.9274546
            ],
            [
              -88.3202862,
              41.9275196
            ],
            [
              -88.3203036,
              41.9275805
            ],
            [
              -88.3203023,
              41.9276433
            ],
            [
              -88.320314,
              41.9276937
            ],
            [
              -88.3203538,
              41.92773
            ],
            [
              -88.3203999,
              41.9277484
            ],
            [
              -88.3204606,
              41.9277402
            ],
            [
              -88.3205303,
              41.9277092
            ],
            [
              -88.320604,
              41.9276573
            ],
            [
              -88.3205182,
              41.9274418
            ],
            [
              -88.3202822,
              41.9271944
            ],
            [
              -88.3200676,
              41.9270187
            ],
            [
              -88.3198852,
              41.9270187
            ],
            [
              -88.3195848,
              41.9270028
            ],
            [
              -88.3193809,
              41.9269309
            ],
            [
              -88.3193273,
              41.9268032
            ],
            [
              -88.3194131,
              41.9266835
            ],
            [
              -88.3197672,
              41.9265478
            ],
            [
              -88.3200998,
              41.9263562
            ],
            [
              -88.3203895,
              41.9260529
            ],
            [
              -88.3204431,
              41.9255899
            ],
            [
              -88.3206148,
              41.925095
            ],
            [
              -88.3207972,
              41.9244325
            ],
            [
              -88.3207221,
              41.9238018
            ],
            [
              -88.3204967,
              41.9231233
            ],
            [
              -88.3204967,
              41.9220456
            ],
            [
              -88.3203465,
              41.9213751
            ],
            [
              -88.3201963,
              41.9210557
            ],
            [
              -88.3196706,
              41.9207444
            ],
            [
              -88.3190892,
              41.9203941
            ],
            [
              -88.3190092,
              41.9203373
            ],
            [
              -88.3189005,
              41.9203057
            ],
            [
              -88.3188281,
              41.9203116
            ],
            [
              -88.3186947,
              41.920243
            ],
            [
              -88.3186597,
              41.9202412
            ],
            [
              -88.3186434,
              41.9202331
            ],
            [
              -88.3186377,
              41.920242
            ],
            [
              -88.3184981,
              41.9202048
            ],
            [
              -88.3184479,
              41.9201481
            ],
            [
              -88.3184542,
              41.9201303
            ],
            [
              -88.3185491,
              41.9201471
            ],
            [
              -88.3185543,
              41.9201304
            ],
            [
              -88.3185606,
              41.9201099
            ],
            [
              -88.3183769,
              41.9200753
            ],
            [
              -88.3182828,
              41.919953
            ],
            [
              -88.3181399,
              41.9198055
            ],
            [
              -88.3180085,
              41.9196185
            ],
            [
              -88.317688,
              41.9190784
            ],
            [
              -88.3173821,
              41.9186391
            ],
            [
              -88.3173454,
              41.9185474
            ],
            [
              -88.3173787,
              41.9185077
            ],
            [
              -88.3174176,
              41.918527
            ],
            [
              -88.3174976,
              41.9185694
            ],
            [
              -88.3175412,
              41.918617
            ],
            [
              -88.3175419,
              41.9186669
            ],
            [
              -88.3175928,
              41.9187466
            ],
            [
              -88.3176939,
              41.9188217
            ],
            [
              -88.3177776,
              41.9188952
            ],
            [
              -88.317844,
              41.9189653
            ],
            [
              -88.3178826,
              41.9190471
            ],
            [
              -88.3179542,
              41.9191216
            ],
            [
              -88.318057,
              41.9192167
            ],
            [
              -88.3180952,
              41.9192334
            ],
            [
              -88.3181185,
              41.9192446
            ],
            [
              -88.3181124,
              41.9192635
            ],
            [
              -88.3181004,
              41.9192836
            ],
            [
              -88.3181148,
              41.9193101
            ],
            [
              -88.3181866,
              41.9193897
            ],
            [
              -88.3182643,
              41.9194473
            ],
            [
              -88.3183447,
              41.9195028
            ],
            [
              -88.3183655,
              41.9196004
            ],
            [
              -88.3184558,
              41.919699
            ],
            [
              -88.3185781,
              41.919763
            ],
            [
              -88.3186817,
              41.919876
            ],
            [
              -88.3188734,
              41.920016
            ],
            [
              -88.3189481,
              41.9200692
            ],
            [
              -88.3190796,
              41.920065
            ],
            [
              -88.31983,
              41.9198812
            ],
            [
              -88.319905,
              41.9198237
            ],
            [
              -88.3198992,
              41.9197384
            ],
            [
              -88.3197028,
              41.9194272
            ],
            [
              -88.3195771,
              41.9191491
            ],
            [
              -88.3195236,
              41.9190835
            ],
            [
              -88.3194451,
              41.919033
            ],
            [
              -88.3193206,
              41.9189756
            ],
            [
              -88.3192692,
              41.9189318
            ],
            [
              -88.3192403,
              41.9188782
            ],
            [
              -88.3191985,
              41.9187176
            ],
            [
              -88.3191692,
              41.9186471
            ],
            [
              -88.3189415,
              41.9184092
            ],
            [
              -88.3187875,
              41.9182869
            ],
            [
              -88.3184868,
              41.9180288
            ],
            [
              -88.3181433,
              41.9177028
            ],
            [
              -88.3179053,
              41.9175041
            ],
            [
              -88.3175943,
              41.9172299
            ],
            [
              -88.3175253,
              41.9171912
            ],
            [
              -88.3174425,
              41.9171704
            ],
            [
              -88.3173513,
              41.91716
            ],
            [
              -88.3171326,
              41.9171416
            ],
            [
              -88.3168834,
              41.9171305
            ],
            [
              -88.3167416,
              41.9171352
            ],
            [
              -88.3166442,
              41.9171145
            ],
            [
              -88.316531,
              41.9170988
            ],
            [
              -88.316409,
              41.9170746
            ],
            [
              -88.3163722,
              41.9170631
            ],
            [
              -88.3163495,
              41.9170446
            ],
            [
              -88.3163375,
              41.9170108
            ],
            [
              -88.3163205,
              41.916958
            ],
            [
              -88.3162776,
              41.9168778
            ],
            [
              -88.3162669,
              41.9167365
            ],
            [
              -88.3162785,
              41.9166999
            ],
            [
              -88.3162961,
              41.9166825
            ],
            [
              -88.3162937,
              41.9166602
            ],
            [
              -88.3162416,
              41.9166543
            ],
            [
              -88.3162041,
              41.9166329
            ],
            [
              -88.3161408,
              41.916536
            ],
            [
              -88.31601,
              41.9162658
            ],
            [
              -88.3142999,
              41.9163216
            ],
            [
              -88.3143235,
              41.9163899
            ],
            [
              -88.3143583,
              41.916449
            ],
            [
              -88.3144016,
              41.9164891
            ],
            [
              -88.3144364,
              41.916515
            ],
            [
              -88.3144768,
              41.9165385
            ],
            [
              -88.3148666,
              41.9166935
            ],
            [
              -88.314903,
              41.9167115
            ],
            [
              -88.3149163,
              41.9167219
            ],
            [
              -88.3149262,
              41.9167345
            ],
            [
              -88.3149346,
              41.9167522
            ],
            [
              -88.3149371,
              41.9169104
            ],
            [
              -88.3149361,
              41.9170253
            ],
            [
              -88.3148822,
              41.9170757
            ],
            [
              -88.3148782,
              41.9174245
            ],
            [
              -88.3153609,
              41.9181891
            ],
            [
              -88.3154041,
              41.918206
            ],
            [
              -88.3154332,
              41.9182277
            ],
            [
              -88.3154732,
              41.9182761
            ],
            [
              -88.3154769,
              41.9182975
            ],
            [
              -88.3154678,
              41.918325
            ],
            [
              -88.3154356,
              41.9183483
            ],
            [
              -88.3153784,
              41.9183751
            ],
            [
              -88.3153496,
              41.9183992
            ],
            [
              -88.315343,
              41.9184257
            ],
            [
              -88.3153414,
              41.9184419
            ],
            [
              -88.3153483,
              41.9184512
            ],
            [
              -88.3153671,
              41.9184725
            ],
            [
              -88.3153955,
              41.9184873
            ],
            [
              -88.3154183,
              41.9184944
            ],
            [
              -88.3154446,
              41.9184931
            ],
            [
              -88.3155078,
              41.9184785
            ],
            [
              -88.3155387,
              41.9184745
            ],
            [
              -88.3155771,
              41.9184781
            ],
            [
              -88.3156026,
              41.9184856
            ],
            [
              -88.3158167,
              41.9188382
            ],
            [
              -88.3160906,
              41.9193217
            ],
            [
              -88.3162828,
              41.9196662
            ],
            [
              -88.3164943,
              41.920042
            ],
            [
              -88.3165665,
              41.9201807
            ],
            [
              -88.3170206,
              41.9212154
            ],
            [
              -88.3172137,
              41.9215427
            ],
            [
              -88.3172395,
              41.9216605
            ],
            [
              -88.3172888,
              41.921886
            ],
            [
              -88.3175565,
              41.9227183
            ],
            [
              -88.3175946,
              41.9227435
            ],
            [
              -88.3176348,
              41.9227502
            ],
            [
              -88.317659,
              41.9227729
            ],
            [
              -88.3177175,
              41.9229376
            ],
            [
              -88.3177707,
              41.9231023
            ]
          ],
          [
            [
              -88.3131853,
              41.9384722
            ],
            [
              -88.3130727,
              41.9384642
            ],
            [
              -88.3130888,
              41.9382966
            ],
            [
              -88.3130941,
              41.938137
            ],
            [
              -88.3131907,
              41.9379774
            ],
            [
              -88.3132926,
              41.9379694
            ],
            [
              -88.313298,
              41.9378457
            ],
            [
              -88.3134428,
              41.9378138
            ],
            [
              -88.3136252,
              41.9377499
            ],
            [
              -88.3137593,
              41.9376981
            ],
            [
              -88.3138344,
              41.9377659
            ],
            [
              -88.3137593,
              41.9379095
            ],
            [
              -88.3136788,
              41.9380652
            ],
            [
              -88.3134911,
              41.9381809
            ],
            [
              -88.3132926,
              41.9383126
            ],
            [
              -88.3131853,
              41.9384722
            ]
          ],
          [
            [
              -88.3127937,
              41.9387196
            ],
            [
              -88.3126596,
              41.9386518
            ],
            [
              -88.3126113,
              41.9385839
            ],
            [
              -88.3126274,
              41.9385001
            ],
            [
              -88.3127508,
              41.9384243
            ],
            [
              -88.312842,
              41.9384123
            ],
            [
              -88.3129815,
              41.9384602
            ],
            [
              -88.3129654,
              41.938544
            ],
            [
              -88.3129546,
              41.9386358
            ],
            [
              -88.3127937,
              41.9387196
            ]
          ],
          [
            [
              -88.317954,
              41.9734898
            ],
            [
              -88.3178253,
              41.9734021
            ],
            [
              -88.3180506,
              41.9733303
            ],
            [
              -88.3183081,
              41.9732346
            ],
            [
              -88.3185656,
              41.973099
            ],
            [
              -88.3188338,
              41.9730033
            ],
            [
              -88.3190698,
              41.9729155
            ],
            [
              -88.3190805,
              41.9729873
            ],
            [
              -88.3189518,
              41.973107
            ],
            [
              -88.3186728,
              41.9733223
            ],
            [
              -88.3184046,
              41.97345
            ],
            [
              -88.317954,
              41.9734898
            ]
          ],
          [
            [
              -88.3090601,
              41.9699287
            ],
            [
              -88.3090547,
              41.9697771
            ],
            [
              -88.3091835,
              41.9697492
            ],
            [
              -88.3094141,
              41.9697811
            ],
            [
              -88.3096126,
              41.969805
            ],
            [
              -88.3097038,
              41.9699207
            ],
            [
              -88.3098701,
              41.9700124
            ],
            [
              -88.3100096,
              41.9700124
            ],
            [
              -88.3102349,
              41.9700962
            ],
            [
              -88.3104226,
              41.970156
            ],
            [
              -88.3105728,
              41.9702358
            ],
            [
              -88.3108893,
              41.9702717
            ],
            [
              -88.3111468,
              41.9704392
            ],
            [
              -88.3113131,
              41.9705868
            ],
            [
              -88.3112112,
              41.9706585
            ],
            [
              -88.3111093,
              41.9706227
            ],
            [
              -88.3106694,
              41.970487
            ],
            [
              -88.3103744,
              41.9703953
            ],
            [
              -88.3099237,
              41.9703235
            ],
            [
              -88.3094892,
              41.970168
            ],
            [
              -88.3090601,
              41.9699287
            ]
          ],
          [
            [
              -88.308234,
              41.9688917
            ],
            [
              -88.3083037,
              41.96878
            ],
            [
              -88.3084968,
              41.9687999
            ],
            [
              -88.3085773,
              41.9689316
            ],
            [
              -88.3087275,
              41.9689555
            ],
            [
              -88.3089152,
              41.9689754
            ],
            [
              -88.3091298,
              41.9691429
            ],
            [
              -88.3093498,
              41.9692546
            ],
            [
              -88.3091727,
              41.9692746
            ],
            [
              -88.3088991,
              41.9692307
            ],
            [
              -88.3085129,
              41.969127
            ],
            [
              -88.3083091,
              41.9690153
            ],
            [
              -88.308234,
              41.9688917
            ]
          ],
          [
            [
              -88.3028376,
              41.968421
            ],
            [
              -88.3031112,
              41.9683014
            ],
            [
              -88.303476,
              41.9682575
            ],
            [
              -88.3037603,
              41.9682017
            ],
            [
              -88.3041302,
              41.9681658
            ],
            [
              -88.3044896,
              41.9681817
            ],
            [
              -88.3047149,
              41.9682176
            ],
            [
              -88.3048061,
              41.9682894
            ],
            [
              -88.3047203,
              41.9683772
            ],
            [
              -88.304334,
              41.968449
            ],
            [
              -88.3041624,
              41.9685367
            ],
            [
              -88.3037818,
              41.9686125
            ],
            [
              -88.3034867,
              41.9685646
            ],
            [
              -88.3031005,
              41.9685925
            ],
            [
              -88.3028376,
              41.968421
            ]
          ],
          [
            [
              -88.302725,
              41.969115
            ],
            [
              -88.302446,
              41.9692466
            ],
            [
              -88.3019954,
              41.9692546
            ],
            [
              -88.3016843,
              41.9692666
            ],
            [
              -88.3013731,
              41.9692546
            ],
            [
              -88.3011961,
              41.9693025
            ],
            [
              -88.3009118,
              41.9693184
            ],
            [
              -88.3007401,
              41.9691868
            ],
            [
              -88.3009011,
              41.9689834
            ],
            [
              -88.3011586,
              41.9688398
            ],
            [
              -88.3015126,
              41.9688638
            ],
            [
              -88.3019257,
              41.9688638
            ],
            [
              -88.3021027,
              41.9689156
            ],
            [
              -88.302328,
              41.9689196
            ],
            [
              -88.3025587,
              41.9689156
            ],
            [
              -88.3026606,
              41.9689954
            ],
            [
              -88.302725,
              41.969115
            ]
          ],
          [
            [
              -88.3044467,
              41.9690791
            ],
            [
              -88.3044038,
              41.9689076
            ],
            [
              -88.3044681,
              41.968788
            ],
            [
              -88.3046452,
              41.968792
            ],
            [
              -88.304849,
              41.9687361
            ],
            [
              -88.3049456,
              41.9686444
            ],
            [
              -88.3053854,
              41.9685686
            ],
            [
              -88.3055732,
              41.9685247
            ],
            [
              -88.3057288,
              41.9685606
            ],
            [
              -88.3059648,
              41.9686484
            ],
            [
              -88.3063189,
              41.9687999
            ],
            [
              -88.3066783,
              41.9689874
            ],
            [
              -88.3069089,
              41.9691549
            ],
            [
              -88.3069143,
              41.9692786
            ],
            [
              -88.3068231,
              41.9692865
            ],
            [
              -88.3065549,
              41.9692706
            ],
            [
              -88.3063725,
              41.9692387
            ],
            [
              -88.3062438,
              41.9692945
            ],
            [
              -88.3059487,
              41.9693424
            ],
            [
              -88.3057502,
              41.9693384
            ],
            [
              -88.3054606,
              41.9693384
            ],
            [
              -88.3051548,
              41.9693743
            ],
            [
              -88.3048973,
              41.9693384
            ],
            [
              -88.304672,
              41.9692786
            ],
            [
              -88.3044467,
              41.9690791
            ]
          ]
        ]
      },
      "id": "relation/1558782"
    },
    {
      "type": "Feature",
      "properties": {
        "@id": "relation/1569857",
        "natural": "water",
        "type": "multipolygon",
        "water": "river"
      },
      "geometry": {
        "type": "Polygon",
        "coordinates": [
          [
            [
              -88.2947504,
              41.9956544
            ],
            [
              -88.2948143,
              41.9949575
            ],
            [
              -88.2948674,
              41.99438
            ],
            [
              -88.2948678,
              41.9943515
            ],
            [
              -88.2948715,
              41.994118
            ],
            [
              -88.2949403,
              41.9939114
            ],
            [
              -88.294964,
              41.993819
            ],
            [
              -88.2949715,
              41.9937492
            ],
            [
              -88.2949763,
              41.9937041
            ],
            [
              -88.2949816,
              41.993655
            ],
            [
              -88.294988,
              41.993595
            ],
            [
              -88.294979,
              41.99355
            ],
            [
              -88.2949557,
              41.9934377
            ],
            [
              -88.2949521,
              41.9933905
            ],
            [
              -88.294875,
              41.993318
            ],
            [
              -88.294849,
              41.993226
            ],
            [
              -88.2948435,
              41.9931882
            ],
            [
              -88.2948295,
              41.9931141
            ],
            [
              -88.2948154,
              41.9930546
            ],
            [
              -88.2947784,
              41.9929524
            ],
            [
              -88.2947421,
              41.992815
            ],
            [
              -88.2947221,
              41.9927109
            ],
            [
              -88.2946939,
              41.9926269
            ],
            [
              -88.2946602,
              41.9924201
            ],
            [
              -88.294665,
              41.992273
            ],
            [
              -88.2945855,
              41.9921591
            ],
            [
              -88.294491,
              41.991989
            ],
            [
              -88.294504,
              41.991893
            ],
            [
              -88.294554,
              41.991785
            ],
            [
              -88.294561,
              41.991731
            ],
            [
              -88.294554,
              41.991672
            ],
            [
              -88.294521,
              41.991592
            ],
            [
              -88.2944923,
              41.9915527
            ],
            [
              -88.294464,
              41.991514
            ],
            [
              -88.294454,
              41.991486
            ],
            [
              -88.294447,
              41.991397
            ],
            [
              -88.294465,
              41.991364
            ],
            [
              -88.294473,
              41.991337
            ],
            [
              -88.294408,
              41.991257
            ],
            [
              -88.294407,
              41.99121
            ],
            [
              -88.294431,
              41.991149
            ],
            [
              -88.294469,
              41.991007
            ],
            [
              -88.294541,
              41.990803
            ],
            [
              -88.29455,
              41.990705
            ],
            [
              -88.294515,
              41.990486
            ],
            [
              -88.294487,
              41.990092
            ],
            [
              -88.29447,
              41.990017
            ],
            [
              -88.294437,
              41.989751
            ],
            [
              -88.294441,
              41.989682
            ],
            [
              -88.294421,
              41.989623
            ],
            [
              -88.294421,
              41.989588
            ],
            [
              -88.294458,
              41.989467
            ],
            [
              -88.294518,
              41.989328
            ],
            [
              -88.294538,
              41.989236
            ],
            [
              -88.294541,
              41.989058
            ],
            [
              -88.294551,
              41.988963
            ],
            [
              -88.294574,
              41.988874
            ],
            [
              -88.294628,
              41.988759
            ],
            [
              -88.294724,
              41.988524
            ],
            [
              -88.294872,
              41.988216
            ],
            [
              -88.294915,
              41.988111
            ],
            [
              -88.295019,
              41.987928
            ],
            [
              -88.295118,
              41.987813
            ],
            [
              -88.295201,
              41.987719
            ],
            [
              -88.29523,
              41.987664
            ],
            [
              -88.295254,
              41.987558
            ],
            [
              -88.295314,
              41.987382
            ],
            [
              -88.295416,
              41.987204
            ],
            [
              -88.295422,
              41.987147
            ],
            [
              -88.2954032,
              41.9870395
            ],
            [
              -88.295392,
              41.986975
            ],
            [
              -88.295395,
              41.986874
            ],
            [
              -88.295438,
              41.986638
            ],
            [
              -88.295425,
              41.986564
            ],
            [
              -88.295404,
              41.986521
            ],
            [
              -88.295292,
              41.986406
            ],
            [
              -88.295251,
              41.986253
            ],
            [
              -88.295176,
              41.986103
            ],
            [
              -88.295196,
              41.986038
            ],
            [
              -88.295186,
              41.986003
            ],
            [
              -88.295157,
              41.985964
            ],
            [
              -88.295122,
              41.985867
            ],
            [
              -88.2950888,
              41.9854219
            ],
            [
              -88.2950334,
              41.9851157
            ],
            [
              -88.2950945,
              41.9846301
            ],
            [
              -88.295129,
              41.9843932
            ],
            [
              -88.2951344,
              41.9842257
            ],
            [
              -88.2951111,
              41.9839974
            ],
            [
              -88.2950968,
              41.9838988
            ],
            [
              -88.2950325,
              41.9836037
            ],
            [
              -88.2948715,
              41.9833923
            ],
            [
              -88.2946301,
              41.9829178
            ],
            [
              -88.294657,
              41.9826108
            ],
            [
              -88.2947482,
              41.9823795
            ],
            [
              -88.294775,
              41.9821961
            ],
            [
              -88.2946731,
              41.9816258
            ],
            [
              -88.2944907,
              41.9814264
            ],
            [
              -88.2943764,
              41.9811364
            ],
            [
              -88.2942186,
              41.9808692
            ],
            [
              -88.294163,
              41.9806711
            ],
            [
              -88.2941185,
              41.9804589
            ],
            [
              -88.294102,
              41.9802756
            ],
            [
              -88.2940555,
              41.9800574
            ],
            [
              -88.2940376,
              41.9799453
            ],
            [
              -88.2941953,
              41.9797429
            ],
            [
              -88.2942667,
              41.9795912
            ],
            [
              -88.2944035,
              41.9794603
            ],
            [
              -88.2944923,
              41.9793338
            ],
            [
              -88.2945057,
              41.97922
            ],
            [
              -88.2944966,
              41.9791059
            ],
            [
              -88.294493,
              41.9789828
            ],
            [
              -88.2944798,
              41.9788535
            ],
            [
              -88.2943782,
              41.9784164
            ],
            [
              -88.2943418,
              41.9783388
            ],
            [
              -88.2943969,
              41.9783004
            ],
            [
              -88.2943794,
              41.9782839
            ],
            [
              -88.2943942,
              41.9782022
            ],
            [
              -88.2943914,
              41.9781553
            ],
            [
              -88.2943807,
              41.9780776
            ],
            [
              -88.2943727,
              41.9780197
            ],
            [
              -88.2943726,
              41.9779759
            ],
            [
              -88.2943525,
              41.9778692
            ],
            [
              -88.2943371,
              41.9777262
            ],
            [
              -88.2943002,
              41.977589
            ],
            [
              -88.2942935,
              41.9774086
            ],
            [
              -88.2942801,
              41.9772909
            ],
            [
              -88.2942213,
              41.977208
            ],
            [
              -88.2941778,
              41.9771526
            ],
            [
              -88.294146,
              41.9769147
            ],
            [
              -88.2941127,
              41.9765654
            ],
            [
              -88.2940304,
              41.9761893
            ],
            [
              -88.2939501,
              41.9760738
            ],
            [
              -88.2939634,
              41.9759567
            ],
            [
              -88.2939035,
              41.9755603
            ],
            [
              -88.2938272,
              41.9752428
            ],
            [
              -88.2938103,
              41.9751633
            ],
            [
              -88.2937846,
              41.9750517
            ],
            [
              -88.2937848,
              41.9748429
            ],
            [
              -88.2937633,
              41.9746816
            ],
            [
              -88.293914,
              41.9742643
            ],
            [
              -88.2940094,
              41.9740298
            ],
            [
              -88.2940991,
              41.9738095
            ],
            [
              -88.2941366,
              41.9736101
            ],
            [
              -88.2943619,
              41.9731993
            ],
            [
              -88.2945443,
              41.9729201
            ],
            [
              -88.2945607,
              41.9728716
            ],
            [
              -88.2945946,
              41.9726682
            ],
            [
              -88.2946462,
              41.9725412
            ],
            [
              -88.2948524,
              41.9722602
            ],
            [
              -88.2949622,
              41.9720815
            ],
            [
              -88.2950857,
              41.9718522
            ],
            [
              -88.2951693,
              41.9717077
            ],
            [
              -88.2953141,
              41.9714783
            ],
            [
              -88.2954474,
              41.9713602
            ],
            [
              -88.2956923,
              41.971187
            ],
            [
              -88.2960484,
              41.9710097
            ],
            [
              -88.2962888,
              41.9708433
            ],
            [
              -88.2963634,
              41.9708438
            ],
            [
              -88.2967691,
              41.9706123
            ],
            [
              -88.2969666,
              41.9705274
            ],
            [
              -88.297328,
              41.9703838
            ],
            [
              -88.2979612,
              41.9701323
            ],
            [
              -88.2980202,
              41.9688639
            ],
            [
              -88.2977905,
              41.9688018
            ],
            [
              -88.2977842,
              41.9688001
            ],
            [
              -88.2973389,
              41.9688918
            ],
            [
              -88.2970063,
              41.9689238
            ],
            [
              -88.2965483,
              41.9690125
            ],
            [
              -88.29627,
              41.9690664
            ],
            [
              -88.2957826,
              41.9692501
            ],
            [
              -88.2954563,
              41.9694064
            ],
            [
              -88.2949252,
              41.9696217
            ],
            [
              -88.2943619,
              41.9700525
            ],
            [
              -88.2942493,
              41.9703516
            ],
            [
              -88.2943297,
              41.970567
            ],
            [
              -88.2942064,
              41.9707983
            ],
            [
              -88.2938417,
              41.9710645
            ],
            [
              -88.2937762,
              41.9710652
            ],
            [
              -88.293772,
              41.9710906
            ],
            [
              -88.2937605,
              41.9711597
            ],
            [
              -88.2936893,
              41.9712398
            ],
            [
              -88.2936828,
              41.9712815
            ],
            [
              -88.293685,
              41.971312
            ],
            [
              -88.293644,
              41.9713456
            ],
            [
              -88.293619,
              41.9713848
            ],
            [
              -88.2935858,
              41.971437
            ],
            [
              -88.2935782,
              41.9714907
            ],
            [
              -88.2935577,
              41.9715365
            ],
            [
              -88.2935298,
              41.9715989
            ],
            [
              -88.2934943,
              41.9716625
            ],
            [
              -88.2934542,
              41.9717269
            ],
            [
              -88.2934384,
              41.9717821
            ],
            [
              -88.2934198,
              41.9718474
            ],
            [
              -88.2934003,
              41.9719067
            ],
            [
              -88.2933659,
              41.9719275
            ],
            [
              -88.2933982,
              41.9719724
            ],
            [
              -88.2933563,
              41.9720432
            ],
            [
              -88.2933422,
              41.972067
            ],
            [
              -88.2933278,
              41.9721394
            ],
            [
              -88.2932987,
              41.9722217
            ],
            [
              -88.2932876,
              41.972253
            ],
            [
              -88.2932775,
              41.9722838
            ],
            [
              -88.2932696,
              41.9723497
            ],
            [
              -88.2932641,
              41.972408
            ],
            [
              -88.2932594,
              41.9724573
            ],
            [
              -88.2932279,
              41.9725852
            ],
            [
              -88.2931697,
              41.9726365
            ],
            [
              -88.2931578,
              41.9727408
            ],
            [
              -88.2931484,
              41.9728233
            ],
            [
              -88.2931365,
              41.9730102
            ],
            [
              -88.2930746,
              41.9731437
            ],
            [
              -88.2930425,
              41.973213
            ],
            [
              -88.2930123,
              41.9733124
            ],
            [
              -88.2929928,
              41.9733464
            ],
            [
              -88.2929756,
              41.9733765
            ],
            [
              -88.2929606,
              41.9734759
            ],
            [
              -88.2929028,
              41.9735493
            ],
            [
              -88.2928139,
              41.9736378
            ],
            [
              -88.2927881,
              41.9737206
            ],
            [
              -88.2927907,
              41.9737596
            ],
            [
              -88.2927885,
              41.9737975
            ],
            [
              -88.2927471,
              41.9738446
            ],
            [
              -88.2926834,
              41.9739845
            ],
            [
              -88.2926407,
              41.9740176
            ],
            [
              -88.2926606,
              41.9742071
            ],
            [
              -88.292652,
              41.9743045
            ],
            [
              -88.2924871,
              41.9743419
            ],
            [
              -88.2925438,
              41.9744054
            ],
            [
              -88.2925125,
              41.9745732
            ],
            [
              -88.2923402,
              41.9748175
            ],
            [
              -88.2922689,
              41.9749556
            ],
            [
              -88.2921652,
              41.9751565
            ],
            [
              -88.2920673,
              41.9753289
            ],
            [
              -88.2920936,
              41.9755241
            ],
            [
              -88.2919365,
              41.9756295
            ],
            [
              -88.2919211,
              41.9758195
            ],
            [
              -88.2919157,
              41.975991
            ],
            [
              -88.2920445,
              41.9761824
            ],
            [
              -88.2923127,
              41.9764576
            ],
            [
              -88.2924522,
              41.9767926
            ],
            [
              -88.2925863,
              41.9769919
            ],
            [
              -88.2926019,
              41.9770256
            ],
            [
              -88.2927097,
              41.9772591
            ],
            [
              -88.2926882,
              41.9775383
            ],
            [
              -88.2926507,
              41.9778015
            ],
            [
              -88.2927365,
              41.9781325
            ],
            [
              -88.2927481,
              41.9783885
            ],
            [
              -88.2927429,
              41.9784315
            ],
            [
              -88.2927204,
              41.978619
            ],
            [
              -88.292713,
              41.978672
            ],
            [
              -88.2926775,
              41.9789261
            ],
            [
              -88.292361,
              41.9794405
            ],
            [
              -88.2922752,
              41.9795721
            ],
            [
              -88.2922644,
              41.979931
            ],
            [
              -88.2927419,
              41.9801105
            ],
            [
              -88.2927365,
              41.9802461
            ],
            [
              -88.2926668,
              41.9803099
            ],
            [
              -88.2927848,
              41.9804534
            ],
            [
              -88.2929243,
              41.980577
            ],
            [
              -88.293053,
              41.9807804
            ],
            [
              -88.2929725,
              41.9808761
            ],
            [
              -88.2929457,
              41.9809838
            ],
            [
              -88.2930798,
              41.9810715
            ],
            [
              -88.2930315,
              41.9811593
            ],
            [
              -88.2930262,
              41.981239
            ],
            [
              -88.2930852,
              41.9812829
            ],
            [
              -88.2931549,
              41.9815421
            ],
            [
              -88.2932086,
              41.9821442
            ],
            [
              -88.2932032,
              41.9823595
            ],
            [
              -88.2932139,
              41.9827503
            ],
            [
              -88.2930637,
              41.9830055
            ],
            [
              -88.2929243,
              41.9834442
            ],
            [
              -88.2929135,
              41.9835758
            ],
            [
              -88.2929457,
              41.9838509
            ],
            [
              -88.2928652,
              41.9844171
            ],
            [
              -88.2926721,
              41.9847521
            ],
            [
              -88.2926507,
              41.9849315
            ],
            [
              -88.2931496,
              41.9852306
            ],
            [
              -88.2932139,
              41.9852425
            ],
            [
              -88.2933427,
              41.9851708
            ],
            [
              -88.2938362,
              41.9853941
            ],
            [
              -88.2941152,
              41.985745
            ],
            [
              -88.2942029,
              41.9861168
            ],
            [
              -88.2942527,
              41.9863282
            ],
            [
              -88.29426,
              41.986359
            ],
            [
              -88.2942493,
              41.9865225
            ],
            [
              -88.2942868,
              41.9866461
            ],
            [
              -88.2942815,
              41.9869691
            ],
            [
              -88.2941903,
              41.9872921
            ],
            [
              -88.2940401,
              41.9875752
            ],
            [
              -88.2937665,
              41.9879938
            ],
            [
              -88.2937504,
              41.9881733
            ],
            [
              -88.2938255,
              41.9883447
            ],
            [
              -88.293745,
              41.9884364
            ],
            [
              -88.293627,
              41.9886477
            ],
            [
              -88.2933373,
              41.9891103
            ],
            [
              -88.2932408,
              41.989186
            ],
            [
              -88.2933051,
              41.9892658
            ],
            [
              -88.2932354,
              41.9894452
            ],
            [
              -88.2931442,
              41.9896326
            ],
            [
              -88.2930423,
              41.9897881
            ],
            [
              -88.2929028,
              41.9899516
            ],
            [
              -88.2928009,
              41.990119
            ],
            [
              -88.2928545,
              41.9902028
            ],
            [
              -88.2927526,
              41.9902905
            ],
            [
              -88.2928223,
              41.99045
            ],
            [
              -88.2928867,
              41.9905018
            ],
            [
              -88.2929606,
              41.9905457
            ],
            [
              -88.2930476,
              41.9905975
            ],
            [
              -88.2933802,
              41.9907211
            ],
            [
              -88.2934446,
              41.9907889
            ],
            [
              -88.2934929,
              41.9910759
            ],
            [
              -88.2935143,
              41.9914467
            ],
            [
              -88.2935412,
              41.9915384
            ],
            [
              -88.2934768,
              41.9915823
            ],
            [
              -88.293509,
              41.9918973
            ],
            [
              -88.2935519,
              41.991973
            ],
            [
              -88.2935519,
              41.9920169
            ],
            [
              -88.2936163,
              41.9920687
            ],
            [
              -88.2936109,
              41.9923438
            ],
            [
              -88.2936485,
              41.9925193
            ],
            [
              -88.2936002,
              41.992603
            ],
            [
              -88.2936002,
              41.9927385
            ],
            [
              -88.2936431,
              41.9931452
            ],
            [
              -88.2936431,
              41.9932848
            ],
            [
              -88.2937933,
              41.9933645
            ],
            [
              -88.2938201,
              41.9935439
            ],
            [
              -88.2938137,
              41.9938428
            ],
            [
              -88.2938081,
              41.99421
            ],
            [
              -88.2938207,
              41.994365
            ],
            [
              -88.2938228,
              41.9943831
            ],
            [
              -88.2937663,
              41.995597
            ],
            [
              -88.2947504,
              41.9956544
            ]
          ],
          [
            [
              -88.2930369,
              41.9836315
            ],
            [
              -88.2929645,
              41.9835577
            ],
            [
              -88.2929564,
              41.9835258
            ],
            [
              -88.2929806,
              41.9834979
            ],
            [
              -88.2930315,
              41.9834979
            ],
            [
              -88.2930932,
              41.9834939
            ],
            [
              -88.2931227,
              41.983478
            ],
            [
              -88.2931737,
              41.983478
            ],
            [
              -88.2932113,
              41.9835178
            ],
            [
              -88.2932327,
              41.9835856
            ],
            [
              -88.2932273,
              41.9836275
            ],
            [
              -88.2931871,
              41.9836554
            ],
            [
              -88.2931496,
              41.9836734
            ],
            [
              -88.2930959,
              41.9836694
            ],
            [
              -88.2930369,
              41.9836315
            ]
          ],
          [
            [
              -88.2933266,
              41.9835238
            ],
            [
              -88.29323,
              41.983456
            ],
            [
              -88.2931871,
              41.9834261
            ],
            [
              -88.2931201,
              41.9833504
            ],
            [
              -88.2931254,
              41.9832826
            ],
            [
              -88.2931469,
              41.9832387
            ],
            [
              -88.2932381,
              41.9832128
            ],
            [
              -88.2932569,
              41.9830892
            ],
            [
              -88.2933668,
              41.9830194
            ],
            [
              -88.293517,
              41.9829795
            ],
            [
              -88.2936071,
              41.9829738
            ],
            [
              -88.2936726,
              41.9830134
            ],
            [
              -88.2936699,
              41.9831091
            ],
            [
              -88.2936485,
              41.9831869
            ],
            [
              -88.2936055,
              41.9832268
            ],
            [
              -88.2935894,
              41.9832666
            ],
            [
              -88.2936485,
              41.9832826
            ],
            [
              -88.2936887,
              41.9833225
            ],
            [
              -88.2936833,
              41.9833623
            ],
            [
              -88.293635,
              41.9833683
            ],
            [
              -88.2935787,
              41.9833623
            ],
            [
              -88.2935894,
              41.9833962
            ],
            [
              -88.2935546,
              41.9834441
            ],
            [
              -88.2934822,
              41.983458
            ],
            [
              -88.2934205,
              41.983466
            ],
            [
              -88.2933829,
              41.9835019
            ],
            [
              -88.2933266,
              41.9835238
            ]
          ],
          [
            [
              -88.2936109,
              41.9838827
            ],
            [
              -88.29345,
              41.9838707
            ],
            [
              -88.2933534,
              41.9838349
            ],
            [
              -88.2933185,
              41.9837092
            ],
            [
              -88.2934071,
              41.9836813
            ],
            [
              -88.2934822,
              41.9836454
            ],
            [
              -88.2933856,
              41.9836355
            ],
            [
              -88.2933185,
              41.9835836
            ],
            [
              -88.2933266,
              41.9835478
            ],
            [
              -88.2934366,
              41.9835278
            ],
            [
              -88.2935304,
              41.9835159
            ],
            [
              -88.2936753,
              41.9835378
            ],
            [
              -88.2937477,
              41.983472
            ],
            [
              -88.2937718,
              41.9833344
            ],
            [
              -88.2939328,
              41.9833125
            ],
            [
              -88.2939676,
              41.9832248
            ],
            [
              -88.2940132,
              41.983155
            ],
            [
              -88.2940481,
              41.9831849
            ],
            [
              -88.2940696,
              41.9832706
            ],
            [
              -88.294142,
              41.9833005
            ],
            [
              -88.2942064,
              41.9833823
            ],
            [
              -88.2941983,
              41.983482
            ],
            [
              -88.2941044,
              41.9835617
            ],
            [
              -88.2939676,
              41.9836474
            ],
            [
              -88.2938148,
              41.9837112
            ],
            [
              -88.2937638,
              41.983791
            ],
            [
              -88.2936109,
              41.9838827
            ]
          ],
          [
            [
              -88.2940696,
              41.9848696
            ],
            [
              -88.2938738,
              41.9848696
            ],
            [
              -88.293745,
              41.9848577
            ],
            [
              -88.2936565,
              41.9848158
            ],
            [
              -88.2935331,
              41.984738
            ],
            [
              -88.2934553,
              41.9846643
            ],
            [
              -88.2933427,
              41.9846503
            ],
            [
              -88.2932166,
              41.9846503
            ],
            [
              -88.2931442,
              41.9846224
            ],
            [
              -88.2931603,
              41.9845566
            ],
            [
              -88.2932756,
              41.9845087
            ],
            [
              -88.2933105,
              41.9844469
            ],
            [
              -88.2932729,
              41.9842695
            ],
            [
              -88.2933051,
              41.9841419
            ],
            [
              -88.2933534,
              41.9840342
            ],
            [
              -88.2934553,
              41.9839664
            ],
            [
              -88.2936511,
              41.9839385
            ],
            [
              -88.2938121,
              41.9838867
            ],
            [
              -88.2938899,
              41.9838668
            ],
            [
              -88.2938845,
              41.983803
            ],
            [
              -88.2940401,
              41.9836993
            ],
            [
              -88.2941795,
              41.9837033
            ],
            [
              -88.2942493,
              41.983775
            ],
            [
              -88.2943324,
              41.9838488
            ],
            [
              -88.2944022,
              41.9839365
            ],
            [
              -88.2944209,
              41.9840382
            ],
            [
              -88.2944907,
              41.9840721
            ],
            [
              -88.294488,
              41.9841957
            ],
            [
              -88.2944129,
              41.9842655
            ],
            [
              -88.2944934,
              41.9843532
            ],
            [
              -88.2944665,
              41.9844669
            ],
            [
              -88.2944397,
              41.9845446
            ],
            [
              -88.2945282,
              41.9846423
            ],
            [
              -88.2945175,
              41.9847101
            ],
            [
              -88.294488,
              41.9848397
            ],
            [
              -88.294429,
              41.9849155
            ],
            [
              -88.2943244,
              41.9849314
            ],
            [
              -88.2942305,
              41.9849254
            ],
            [
              -88.2941554,
              41.9849215
            ],
            [
              -88.2940696,
              41.9848696
            ]
          ],
          [
            [
              -88.2968002,
              41.9701574
            ],
            [
              -88.2966805,
              41.9701082
            ],
            [
              -88.2966603,
              41.9700422
            ],
            [
              -88.2966916,
              41.9700003
            ],
            [
              -88.2967664,
              41.9699037
            ],
            [
              -88.296825,
              41.9698009
            ],
            [
              -88.2968947,
              41.9697182
            ],
            [
              -88.296949,
              41.9696664
            ],
            [
              -88.2970357,
              41.9696341
            ],
            [
              -88.2971615,
              41.969655
            ],
            [
              -88.2971951,
              41.9696936
            ],
            [
              -88.2972337,
              41.9697359
            ],
            [
              -88.2972772,
              41.9697899
            ],
            [
              -88.2972786,
              41.9698603
            ],
            [
              -88.2972371,
              41.9699208
            ],
            [
              -88.2971802,
              41.9699914
            ],
            [
              -88.2970627,
              41.970073
            ],
            [
              -88.296955,
              41.9701243
            ],
            [
              -88.2968002,
              41.9701574
            ]
          ]
        ]
      },
      "id": "relation/1569857"
    },
    {
      "type": "Feature",
      "properties": {
        "@id": "way/111657440",
        "natural": "water",
        "source": "Bing"
      },
      "geometry": {
        "type": "Polygon",
        "coordinates": [
          [
            [
              -88.2672448,
              41.9887192
            ],
            [
              -88.2672233,
              41.9885517
            ],
            [
              -88.2672233,
              41.988476
            ],
            [
              -88.2671965,
              41.9883843
            ],
            [
              -88.2671321,
              41.9883245
            ],
            [
              -88.2663167,
              41.9883364
            ],
            [
              -88.2657856,
              41.9883604
            ],
            [
              -88.2656032,
              41.9884281
            ],
            [
              -88.2656032,
              41.9886235
            ],
            [
              -88.2656783,
              41.9888189
            ],
            [
              -88.2657803,
              41.9888907
            ],
            [
              -88.2659144,
              41.9889624
            ],
            [
              -88.2660021,
              41.9890097
            ],
            [
              -88.2662094,
              41.9890501
            ],
            [
              -88.2664025,
              41.9889744
            ],
            [
              -88.2666439,
              41.9889026
            ],
            [
              -88.2669497,
              41.9888827
            ],
            [
              -88.2670999,
              41.9888867
            ],
            [
              -88.2672018,
              41.9888388
            ],
            [
              -88.2672448,
              41.9887192
            ]
          ]
        ]
      },
      "id": "way/111657440"
    },
    {
      "type": "Feature",
      "properties": {
        "@id": "way/115883671",
        "natural": "water"
      },
      "geometry": {
        "type": "Polygon",
        "coordinates": [
          [
            [
              -88.3316642,
              41.9924697
            ],
            [
              -88.3317814,
              41.9924672
            ],
            [
              -88.3319451,
              41.9924573
            ],
            [
              -88.3320792,
              41.9924353
            ],
            [
              -88.3321811,
              41.9924234
            ],
            [
              -88.3323206,
              41.9924353
            ],
            [
              -88.3324386,
              41.9924493
            ],
            [
              -88.33246,
              41.9924453
            ],
            [
              -88.3324735,
              41.9924274
            ],
            [
              -88.3324627,
              41.9924074
            ],
            [
              -88.3324118,
              41.9923855
            ],
            [
              -88.3323689,
              41.9923616
            ],
            [
              -88.3323662,
              41.9923337
            ],
            [
              -88.3323689,
              41.9923058
            ],
            [
              -88.3323474,
              41.9922838
            ],
            [
              -88.3322642,
              41.992232
            ],
            [
              -88.3321865,
              41.9921881
            ],
            [
              -88.3321516,
              41.9921503
            ],
            [
              -88.3319638,
              41.9919629
            ],
            [
              -88.3318458,
              41.9918293
            ],
            [
              -88.3318217,
              41.9917954
            ],
            [
              -88.3318083,
              41.9917237
            ],
            [
              -88.3316634,
              41.991313
            ],
            [
              -88.331524,
              41.9909502
            ],
            [
              -88.3314998,
              41.9909163
            ],
            [
              -88.3314569,
              41.9908904
            ],
            [
              -88.331414,
              41.9908844
            ],
            [
              -88.3313496,
              41.9908884
            ],
            [
              -88.3313121,
              41.9909003
            ],
            [
              -88.3312611,
              41.9909103
            ],
            [
              -88.3312235,
              41.9909422
            ],
            [
              -88.331194,
              41.990988
            ],
            [
              -88.331186,
              41.9910498
            ],
            [
              -88.3311592,
              41.9913349
            ],
            [
              -88.3311753,
              41.9913987
            ],
            [
              -88.3311994,
              41.9914585
            ],
            [
              -88.3311833,
              41.9915143
            ],
            [
              -88.3311699,
              41.9915721
            ],
            [
              -88.3311779,
              41.9918891
            ],
            [
              -88.3311887,
              41.991915
            ],
            [
              -88.3312155,
              41.9919609
            ],
            [
              -88.3312209,
              41.9920187
            ],
            [
              -88.3312396,
              41.9923835
            ],
            [
              -88.3312557,
              41.9924314
            ],
            [
              -88.3312879,
              41.9924613
            ],
            [
              -88.3313469,
              41.9924672
            ],
            [
              -88.3316642,
              41.9924697
            ]
          ]
        ]
      },
      "id": "way/115883671"
    },
    {
      "type": "Feature",
      "properties": {
        "@id": "way/143787334",
        "golf": "water_hazard",
        "natural": "water"
      },
      "geometry": {
        "type": "Polygon",
        "coordinates": [
          [
            [
              -88.2711903,
              41.9431367
            ],
            [
              -88.2712896,
              41.9429572
            ],
            [
              -88.2713083,
              41.9428973
            ],
            [
              -88.2713019,
              41.9428494
            ],
            [
              -88.2712654,
              41.9428195
            ],
            [
              -88.2712037,
              41.9428075
            ],
            [
              -88.2711517,
              41.9428135
            ],
            [
              -88.2711099,
              41.9428315
            ],
            [
              -88.2710508,
              41.9428754
            ],
            [
              -88.2710256,
              41.9429193
            ],
            [
              -88.2709838,
              41.943037
            ],
            [
              -88.2709704,
              41.9430829
            ],
            [
              -88.2709462,
              41.9431048
            ],
            [
              -88.2708872,
              41.9431208
            ],
            [
              -88.2708309,
              41.9431567
            ],
            [
              -88.270795,
              41.9431946
            ],
            [
              -88.2707531,
              41.9432784
            ],
            [
              -88.270737,
              41.9433462
            ],
            [
              -88.2707317,
              41.943424
            ],
            [
              -88.2707172,
              41.9434779
            ],
            [
              -88.2707022,
              41.9435198
            ],
            [
              -88.2706485,
              41.9436036
            ],
            [
              -88.2706083,
              41.9436594
            ],
            [
              -88.2705868,
              41.9437352
            ],
            [
              -88.2705895,
              41.9437911
            ],
            [
              -88.2706056,
              41.943839
            ],
            [
              -88.2706217,
              41.9438709
            ],
            [
              -88.270611,
              41.9439587
            ],
            [
              -88.2705992,
              41.9440265
            ],
            [
              -88.270575,
              41.9440824
            ],
            [
              -88.2705144,
              41.9441502
            ],
            [
              -88.2704651,
              41.94423
            ],
            [
              -88.2704275,
              41.9442918
            ],
            [
              -88.2704125,
              41.9443657
            ],
            [
              -88.2704017,
              41.9444435
            ],
            [
              -88.2704125,
              41.9445193
            ],
            [
              -88.2704275,
              41.9445831
            ],
            [
              -88.2704554,
              41.944631
            ],
            [
              -88.2705133,
              41.9446669
            ],
            [
              -88.2705976,
              41.9446908
            ],
            [
              -88.2706887,
              41.9447068
            ],
            [
              -88.2707773,
              41.9447048
            ],
            [
              -88.2708577,
              41.9446928
            ],
            [
              -88.2708899,
              41.9446609
            ],
            [
              -88.2709248,
              41.9446051
            ],
            [
              -88.2709318,
              41.9445352
            ],
            [
              -88.2709382,
              41.9444754
            ],
            [
              -88.2709291,
              41.9444375
            ],
            [
              -88.2708899,
              41.9444056
            ],
            [
              -88.2708738,
              41.9443537
            ],
            [
              -88.2708727,
              41.9442998
            ],
            [
              -88.2708915,
              41.9442499
            ],
            [
              -88.2709237,
              41.9441981
            ],
            [
              -88.2709747,
              41.9441362
            ],
            [
              -88.2710106,
              41.9440744
            ],
            [
              -88.2710256,
              41.9440066
            ],
            [
              -88.2710562,
              41.943819
            ],
            [
              -88.2711195,
              41.9433522
            ],
            [
              -88.2711447,
              41.9432644
            ],
            [
              -88.2711903,
              41.9431367
            ]
          ]
        ]
      },
      "id": "way/143787334"
    },
    {
      "type": "Feature",
      "properties": {
        "@id": "way/143787337",
        "golf": "water_hazard",
        "natural": "water"
      },
      "geometry": {
        "type": "Polygon",
        "coordinates": [
          [
            [
              -88.2708309,
              41.945443
            ],
            [
              -88.2708711,
              41.9453392
            ],
            [
              -88.2708754,
              41.9452494
            ],
            [
              -88.2708808,
              41.9451676
            ],
            [
              -88.2708577,
              41.9450859
            ],
            [
              -88.2708175,
              41.9449701
            ],
            [
              -88.2707773,
              41.9448983
            ],
            [
              -88.2707424,
              41.9448624
            ],
            [
              -88.2706957,
              41.9448504
            ],
            [
              -88.2704313,
              41.9448624
            ],
            [
              -88.2703696,
              41.9448524
            ],
            [
              -88.2702773,
              41.9448225
            ],
            [
              -88.2701925,
              41.9447906
            ],
            [
              -88.2701282,
              41.9447806
            ],
            [
              -88.2700718,
              41.9447826
            ],
            [
              -88.2700101,
              41.9447966
            ],
            [
              -88.2699511,
              41.9448305
            ],
            [
              -88.2699216,
              41.9448804
            ],
            [
              -88.2698455,
              41.945042
            ],
            [
              -88.2698036,
              41.9450878
            ],
            [
              -88.2697714,
              41.9451277
            ],
            [
              -88.2697661,
              41.9451657
            ],
            [
              -88.2697811,
              41.9451996
            ],
            [
              -88.2698079,
              41.9452135
            ],
            [
              -88.2698599,
              41.9452175
            ],
            [
              -88.269934,
              41.9452036
            ],
            [
              -88.2699806,
              41.9451876
            ],
            [
              -88.2700075,
              41.9451676
            ],
            [
              -88.2700305,
              41.9451357
            ],
            [
              -88.2700987,
              41.9450779
            ],
            [
              -88.2701861,
              41.945028
            ],
            [
              -88.2702478,
              41.9449701
            ],
            [
              -88.2703213,
              41.9449402
            ],
            [
              -88.2703937,
              41.9449302
            ],
            [
              -88.2704677,
              41.9449442
            ],
            [
              -88.2704972,
              41.9449821
            ],
            [
              -88.2705171,
              41.9450567
            ],
            [
              -88.2705315,
              41.945085
            ],
            [
              -88.2705687,
              41.9451119
            ],
            [
              -88.2706045,
              41.9451325
            ],
            [
              -88.270693,
              41.9451756
            ],
            [
              -88.2707029,
              41.9452181
            ],
            [
              -88.2707214,
              41.9452839
            ],
            [
              -88.270726,
              41.9453438
            ],
            [
              -88.2706984,
              41.9453671
            ],
            [
              -88.2706313,
              41.9453811
            ],
            [
              -88.2705509,
              41.9453891
            ],
            [
              -88.2704554,
              41.9453891
            ],
            [
              -88.2703916,
              41.9453847
            ],
            [
              -88.2703443,
              41.9453679
            ],
            [
              -88.270283,
              41.945347
            ],
            [
              -88.2701848,
              41.9453216
            ],
            [
              -88.270119,
              41.9452993
            ],
            [
              -88.2700638,
              41.9452754
            ],
            [
              -88.2700128,
              41.9452754
            ],
            [
              -88.2699753,
              41.9452893
            ],
            [
              -88.2699501,
              41.9453193
            ],
            [
              -88.2699645,
              41.9453552
            ],
            [
              -88.2700048,
              41.945419
            ],
            [
              -88.2700761,
              41.9454589
            ],
            [
              -88.2702639,
              41.9455447
            ],
            [
              -88.2703765,
              41.9455806
            ],
            [
              -88.2704463,
              41.9456105
            ],
            [
              -88.2704903,
              41.9456444
            ],
            [
              -88.2705305,
              41.9456704
            ],
            [
              -88.2705707,
              41.9456724
            ],
            [
              -88.2706313,
              41.9456564
            ],
            [
              -88.270693,
              41.9456345
            ],
            [
              -88.2707504,
              41.9455886
            ],
            [
              -88.2707842,
              41.9455447
            ],
            [
              -88.2708309,
              41.945443
            ]
          ]
        ]
      },
      "id": "way/143787337"
    },
    {
      "type": "Feature",
      "properties": {
        "@id": "way/143787340",
        "golf": "water_hazard",
        "natural": "water"
      },
      "geometry": {
        "type": "Polygon",
        "coordinates": [
          [
            [
              -88.2670731,
              41.9447647
            ],
            [
              -88.2669766,
              41.9448684
            ],
            [
              -88.2669433,
              41.9449223
            ],
            [
              -88.2669283,
              41.9449761
            ],
            [
              -88.2669272,
              41.945028
            ],
            [
              -88.2669658,
              41.9450739
            ],
            [
              -88.2670479,
              41.9450978
            ],
            [
              -88.2671364,
              41.9451437
            ],
            [
              -88.2671954,
              41.9451916
            ],
            [
              -88.2672249,
              41.9452614
            ],
            [
              -88.2672421,
              41.9453213
            ],
            [
              -88.267284,
              41.9453791
            ],
            [
              -88.2673601,
              41.945409
            ],
            [
              -88.267454,
              41.945421
            ],
            [
              -88.2675506,
              41.945413
            ],
            [
              -88.267646,
              41.9453731
            ],
            [
              -88.2677292,
              41.9452993
            ],
            [
              -88.2677614,
              41.9452554
            ],
            [
              -88.2677839,
              41.9452016
            ],
            [
              -88.2677812,
              41.9451477
            ],
            [
              -88.2677372,
              41.9450978
            ],
            [
              -88.2676525,
              41.945034
            ],
            [
              -88.2675881,
              41.9449821
            ],
            [
              -88.2675345,
              41.9448983
            ],
            [
              -88.2675076,
              41.9448345
            ],
            [
              -88.267513,
              41.9447627
            ],
            [
              -88.2675468,
              41.9447028
            ],
            [
              -88.267587,
              41.9445911
            ],
            [
              -88.2675774,
              41.9444973
            ],
            [
              -88.2675667,
              41.9444475
            ],
            [
              -88.26752,
              41.9443796
            ],
            [
              -88.2674433,
              41.9443258
            ],
            [
              -88.2673521,
              41.9442879
            ],
            [
              -88.2672716,
              41.9442699
            ],
            [
              -88.2672072,
              41.9442759
            ],
            [
              -88.2671455,
              41.9443018
            ],
            [
              -88.2671016,
              41.9443317
            ],
            [
              -88.2670678,
              41.9444056
            ],
            [
              -88.2670399,
              41.9444933
            ],
            [
              -88.2670399,
              41.9445452
            ],
            [
              -88.2670801,
              41.944613
            ],
            [
              -88.2671123,
              41.9446749
            ],
            [
              -88.2671123,
              41.9447088
            ],
            [
              -88.2670731,
              41.9447647
            ]
          ]
        ]
      },
      "id": "way/143787340"
    },
    {
      "type": "Feature",
      "properties": {
        "@id": "way/143798134",
        "natural": "water",
        "water": "pond"
      },
      "geometry": {
        "type": "Polygon",
        "coordinates": [
          [
            [
              -88.2983256,
              41.9657068
            ],
            [
              -88.2984892,
              41.9657666
            ],
            [
              -88.2985911,
              41.9657845
            ],
            [
              -88.2987065,
              41.9657666
            ],
            [
              -88.2987655,
              41.9657128
            ],
            [
              -88.2987762,
              41.965635
            ],
            [
              -88.2987762,
              41.9655672
            ],
            [
              -88.298736,
              41.9654854
            ],
            [
              -88.2986099,
              41.9653418
            ],
            [
              -88.2985268,
              41.965264
            ],
            [
              -88.298398,
              41.9652122
            ],
            [
              -88.2982773,
              41.9652022
            ],
            [
              -88.29817,
              41.9652321
            ],
            [
              -88.2981003,
              41.965268
            ],
            [
              -88.2980279,
              41.9653258
            ],
            [
              -88.2979796,
              41.9653917
            ],
            [
              -88.2979635,
              41.9654535
            ],
            [
              -88.2979742,
              41.9655113
            ],
            [
              -88.2980198,
              41.9655512
            ],
            [
              -88.2983256,
              41.9657068
            ]
          ]
        ]
      },
      "id": "way/143798134"
    },
    {
      "type": "Feature",
      "properties": {
        "@id": "way/143798139",
        "natural": "water",
        "water": "pond"
      },
      "geometry": {
        "type": "Polygon",
        "coordinates": [
          [
            [
              -88.2953813,
              41.9607546
            ],
            [
              -88.2950166,
              41.9607506
            ],
            [
              -88.2947966,
              41.9607666
            ],
            [
              -88.2947054,
              41.9607945
            ],
            [
              -88.294684,
              41.9608623
            ],
            [
              -88.2947054,
              41.9609581
            ],
            [
              -88.2949514,
              41.9615424
            ],
            [
              -88.2950112,
              41.9615883
            ],
            [
              -88.2951016,
              41.9616023
            ],
            [
              -88.2953215,
              41.9616023
            ],
            [
              -88.2953644,
              41.9615863
            ],
            [
              -88.2953913,
              41.9615225
            ],
            [
              -88.2953966,
              41.9614387
            ],
            [
              -88.2954181,
              41.9613869
            ],
            [
              -88.2954664,
              41.9613749
            ],
            [
              -88.2956281,
              41.9613649
            ],
            [
              -88.2956648,
              41.961343
            ],
            [
              -88.2956871,
              41.9612692
            ],
            [
              -88.2956442,
              41.9608623
            ],
            [
              -88.2956227,
              41.9608184
            ],
            [
              -88.2955683,
              41.9607845
            ],
            [
              -88.2954886,
              41.9607706
            ],
            [
              -88.2953813,
              41.9607546
            ]
          ]
        ]
      },
      "id": "way/143798139"
    },
    {
      "type": "Feature",
      "properties": {
        "@id": "way/143798142",
        "natural": "water",
        "water": "basin"
      },
      "geometry": {
        "type": "Polygon",
        "coordinates": [
          [
            [
              -88.2915941,
              41.965278
            ],
            [
              -88.2917917,
              41.96528
            ],
            [
              -88.2918561,
              41.965264
            ],
            [
              -88.2918722,
              41.9652281
            ],
            [
              -88.2918186,
              41.9647176
            ],
            [
              -88.2917756,
              41.9644902
            ],
            [
              -88.2917542,
              41.9644224
            ],
            [
              -88.2917059,
              41.9644064
            ],
            [
              -88.2916531,
              41.9644164
            ],
            [
              -88.291578,
              41.9644762
            ],
            [
              -88.2913197,
              41.9647016
            ],
            [
              -88.2912285,
              41.9648173
            ],
            [
              -88.2911542,
              41.964935
            ],
            [
              -88.2911488,
              41.9651065
            ],
            [
              -88.2911703,
              41.9652182
            ],
            [
              -88.2911963,
              41.965272
            ],
            [
              -88.2912722,
              41.965278
            ],
            [
              -88.2915941,
              41.965278
            ]
          ]
        ]
      },
      "id": "way/143798142"
    },
    {
      "type": "Feature",
      "properties": {
        "@id": "way/176912377",
        "natural": "water"
      },
      "geometry": {
        "type": "Polygon",
        "coordinates": [
          [
            [
              -88.26438,
              41.9734783
            ],
            [
              -88.26364,
              41.9734464
            ],
            [
              -88.2635542,
              41.9734624
            ],
            [
              -88.2635005,
              41.9734983
            ],
            [
              -88.2634683,
              41.9735581
            ],
            [
              -88.263463,
              41.9736658
            ],
            [
              -88.2634874,
              41.9737607
            ],
            [
              -88.2635464,
              41.9737886
            ],
            [
              -88.2636507,
              41.9738014
            ],
            [
              -88.2638307,
              41.9738006
            ],
            [
              -88.2638897,
              41.9737806
            ],
            [
              -88.2639005,
              41.9737288
            ],
            [
              -88.2639404,
              41.9736738
            ],
            [
              -88.2640238,
              41.973645
            ],
            [
              -88.2641097,
              41.973645
            ],
            [
              -88.2641687,
              41.9736969
            ],
            [
              -88.2642116,
              41.9737408
            ],
            [
              -88.2643028,
              41.9737527
            ],
            [
              -88.2644712,
              41.9737455
            ],
            [
              -88.2645356,
              41.9737136
            ],
            [
              -88.2645571,
              41.9736578
            ],
            [
              -88.2645785,
              41.973586
            ],
            [
              -88.2645624,
              41.9735342
            ],
            [
              -88.2645249,
              41.9735063
            ],
            [
              -88.2644581,
              41.9734877
            ],
            [
              -88.26438,
              41.9734783
            ]
          ]
        ]
      },
      "id": "way/176912377"
    },
    {
      "type": "Feature",
      "properties": {
        "@id": "way/176912939",
        "natural": "water",
        "water": "reservoir"
      },
      "geometry": {
        "type": "Polygon",
        "coordinates": [
          [
            [
              -88.2752805,
              41.9796358
            ],
            [
              -88.2749372,
              41.9801463
            ],
            [
              -88.2748836,
              41.980246
            ],
            [
              -88.2748868,
              41.980301
            ],
            [
              -88.2749372,
              41.9803496
            ],
            [
              -88.2750338,
              41.9803696
            ],
            [
              -88.2751196,
              41.9803696
            ],
            [
              -88.2752408,
              41.9803369
            ],
            [
              -88.2752945,
              41.980301
            ],
            [
              -88.2753964,
              41.9802133
            ],
            [
              -88.2755541,
              41.9800506
            ],
            [
              -88.2756078,
              41.9799907
            ],
            [
              -88.2756292,
              41.9799309
            ],
            [
              -88.2756721,
              41.9798432
            ],
            [
              -88.2757311,
              41.9797634
            ],
            [
              -88.2757826,
              41.9797267
            ],
            [
              -88.2758223,
              41.9796877
            ],
            [
              -88.2758256,
              41.979635
            ],
            [
              -88.275817,
              41.979568
            ],
            [
              -88.2757419,
              41.9795122
            ],
            [
              -88.2756399,
              41.9794843
            ],
            [
              -88.2755273,
              41.9794763
            ],
            [
              -88.275434,
              41.9794955
            ],
            [
              -88.2753556,
              41.9795401
            ],
            [
              -88.2752805,
              41.9796358
            ]
          ]
        ]
      },
      "id": "way/176912939"
    },
    {
      "type": "Feature",
      "properties": {
        "@id": "way/176912942",
        "natural": "water"
      },
      "geometry": {
        "type": "Polygon",
        "coordinates": [
          [
            [
              -88.2849955,
              41.9790217
            ],
            [
              -88.2850231,
              41.9789589
            ],
            [
              -88.2850144,
              41.9789306
            ],
            [
              -88.2850041,
              41.9788973
            ],
            [
              -88.284929,
              41.9788414
            ],
            [
              -88.2848539,
              41.9788095
            ],
            [
              -88.2847487,
              41.9787944
            ],
            [
              -88.2846629,
              41.9787904
            ],
            [
              -88.2846039,
              41.9788024
            ],
            [
              -88.2845449,
              41.9788502
            ],
            [
              -88.2844966,
              41.9788981
            ],
            [
              -88.2844269,
              41.9789659
            ],
            [
              -88.2843335,
              41.9790289
            ],
            [
              -88.2842874,
              41.9790456
            ],
            [
              -88.2842262,
              41.9790408
            ],
            [
              -88.2841619,
              41.9790408
            ],
            [
              -88.2840975,
              41.9790688
            ],
            [
              -88.2840728,
              41.9791214
            ],
            [
              -88.2840567,
              41.9791932
            ],
            [
              -88.2840621,
              41.9792689
            ],
            [
              -88.2840996,
              41.9793248
            ],
            [
              -88.2841962,
              41.9793567
            ],
            [
              -88.2843035,
              41.9793567
            ],
            [
              -88.2844,
              41.9793288
            ],
            [
              -88.2844912,
              41.9792769
            ],
            [
              -88.2845449,
              41.979237
            ],
            [
              -88.2845932,
              41.979241
            ],
            [
              -88.2846468,
              41.979253
            ],
            [
              -88.2847573,
              41.9792442
            ],
            [
              -88.2848539,
              41.9792123
            ],
            [
              -88.2849236,
              41.9791445
            ],
            [
              -88.2849955,
              41.9790217
            ]
          ]
        ]
      },
      "id": "way/176912942"
    },
    {
      "type": "Feature",
      "properties": {
        "@id": "way/176912950",
        "natural": "water"
      },
      "geometry": {
        "type": "Polygon",
        "coordinates": [
          [
            [
              -88.2814228,
              41.9781643
            ],
            [
              -88.2815494,
              41.9781196
            ],
            [
              -88.2815977,
              41.9780798
            ],
            [
              -88.2816674,
              41.9780319
            ],
            [
              -88.2817371,
              41.9780279
            ],
            [
              -88.2818305,
              41.9780925
            ],
            [
              -88.2819592,
              41.9781484
            ],
            [
              -88.2820451,
              41.9781603
            ],
            [
              -88.2821684,
              41.9781444
            ],
            [
              -88.2822167,
              41.9781045
            ],
            [
              -88.2822167,
              41.9780566
            ],
            [
              -88.2821738,
              41.9780128
            ],
            [
              -88.2820719,
              41.9779809
            ],
            [
              -88.2819753,
              41.977949
            ],
            [
              -88.281868,
              41.9778692
            ],
            [
              -88.2817983,
              41.9778253
            ],
            [
              -88.2817929,
              41.9777695
            ],
            [
              -88.2818251,
              41.9776937
            ],
            [
              -88.2817929,
              41.9776299
            ],
            [
              -88.2817447,
              41.977602
            ],
            [
              -88.2816728,
              41.9776092
            ],
            [
              -88.2816245,
              41.9776889
            ],
            [
              -88.2815944,
              41.9777815
            ],
            [
              -88.2815655,
              41.9778485
            ],
            [
              -88.281514,
              41.9778692
            ],
            [
              -88.2814335,
              41.9778971
            ],
            [
              -88.2813938,
              41.9779601
            ],
            [
              -88.2813455,
              41.978004
            ],
            [
              -88.2812458,
              41.9780207
            ],
            [
              -88.2811331,
              41.9780207
            ],
            [
              -88.2810741,
              41.9780566
            ],
            [
              -88.2810151,
              41.9780726
            ],
            [
              -88.2809346,
              41.9780766
            ],
            [
              -88.2808971,
              41.9780487
            ],
            [
              -88.2808542,
              41.9780167
            ],
            [
              -88.2808059,
              41.9779888
            ],
            [
              -88.2807415,
              41.9779769
            ],
            [
              -88.2806482,
              41.977988
            ],
            [
              -88.2805913,
              41.9780048
            ],
            [
              -88.2805377,
              41.9780008
            ],
            [
              -88.2804894,
              41.9779649
            ],
            [
              -88.2804357,
              41.9779091
            ],
            [
              -88.2803714,
              41.9778851
            ],
            [
              -88.2802212,
              41.9778134
            ],
            [
              -88.280071,
              41.9777655
            ],
            [
              -88.2799744,
              41.9777336
            ],
            [
              -88.2798993,
              41.9777336
            ],
            [
              -88.2797974,
              41.9777456
            ],
            [
              -88.2797276,
              41.9777854
            ],
            [
              -88.2796933,
              41.9778524
            ],
            [
              -88.2796847,
              41.977929
            ],
            [
              -88.2797148,
              41.977988
            ],
            [
              -88.2797684,
              41.9780239
            ],
            [
              -88.2798671,
              41.9780367
            ],
            [
              -88.2799883,
              41.9780718
            ],
            [
              -88.2800602,
              41.9781204
            ],
            [
              -88.2801171,
              41.9781914
            ],
            [
              -88.2802104,
              41.978252
            ],
            [
              -88.2803016,
              41.9783198
            ],
            [
              -88.2803767,
              41.9783358
            ],
            [
              -88.2804711,
              41.978335
            ],
            [
              -88.2805355,
              41.978315
            ],
            [
              -88.2805945,
              41.9782672
            ],
            [
              -88.2806482,
              41.9782393
            ],
            [
              -88.2806911,
              41.9782592
            ],
            [
              -88.2807072,
              41.9782991
            ],
            [
              -88.2807576,
              41.9783238
            ],
            [
              -88.2808037,
              41.9783111
            ],
            [
              -88.2808166,
              41.978264
            ],
            [
              -88.2808434,
              41.9782241
            ],
            [
              -88.2809454,
              41.9782002
            ],
            [
              -88.2809969,
              41.9781914
            ],
            [
              -88.2811224,
              41.9781962
            ],
            [
              -88.2812672,
              41.9781922
            ],
            [
              -88.2814228,
              41.9781643
            ]
          ]
        ]
      },
      "id": "way/176912950"
    },
    {
      "type": "Feature",
      "properties": {
        "@id": "way/176912957",
        "natural": "water"
      },
      "geometry": {
        "type": "Polygon",
        "coordinates": [
          [
            [
              -88.3242684,
              41.9708221
            ],
            [
              -88.324424,
              41.970874
            ],
            [
              -88.3245559,
              41.9708732
            ],
            [
              -88.32469,
              41.9708533
            ],
            [
              -88.3247598,
              41.9708094
            ],
            [
              -88.3248102,
              41.9707583
            ],
            [
              -88.3248317,
              41.9706945
            ],
            [
              -88.3247995,
              41.9706147
            ],
            [
              -88.3247834,
              41.9705509
            ],
            [
              -88.3247941,
              41.9704871
            ],
            [
              -88.3248531,
              41.9704672
            ],
            [
              -88.3254968,
              41.9703715
            ],
            [
              -88.3255537,
              41.9703188
            ],
            [
              -88.3255591,
              41.970247
            ],
            [
              -88.3255237,
              41.970192
            ],
            [
              -88.3254647,
              41.97018
            ],
            [
              -88.3253466,
              41.970192
            ],
            [
              -88.3245613,
              41.9703068
            ],
            [
              -88.3244272,
              41.9703308
            ],
            [
              -88.3243145,
              41.9703587
            ],
            [
              -88.3242094,
              41.9704592
            ],
            [
              -88.324086,
              41.9705709
            ],
            [
              -88.3240409,
              41.9706459
            ],
            [
              -88.324057,
              41.9707296
            ],
            [
              -88.324116,
              41.9707655
            ],
            [
              -88.3242684,
              41.9708221
            ]
          ]
        ]
      },
      "id": "way/176912957"
    },
    {
      "type": "Feature",
      "properties": {
        "@id": "way/176913195",
        "natural": "water"
      },
      "geometry": {
        "type": "Polygon",
        "coordinates": [
          [
            [
              -88.2703506,
              41.9896283
            ],
            [
              -88.2704236,
              41.9898151
            ],
            [
              -88.2704365,
              41.9899393
            ],
            [
              -88.2704096,
              41.9900789
            ],
            [
              -88.2703614,
              41.9901825
            ],
            [
              -88.2703538,
              41.9902537
            ],
            [
              -88.2703828,
              41.9903101
            ],
            [
              -88.2704826,
              41.9903574
            ],
            [
              -88.2706671,
              41.9903779
            ],
            [
              -88.2710351,
              41.9904092
            ],
            [
              -88.2712014,
              41.9904491
            ],
            [
              -88.2713323,
              41.9905374
            ],
            [
              -88.2714536,
              41.9906604
            ],
            [
              -88.2714965,
              41.9907601
            ],
            [
              -88.2715147,
              41.9908524
            ],
            [
              -88.271534,
              41.9909036
            ],
            [
              -88.2715877,
              41.9909355
            ],
            [
              -88.2717218,
              41.9909514
            ],
            [
              -88.2718452,
              41.9909754
            ],
            [
              -88.2719364,
              41.9909993
            ],
            [
              -88.2719954,
              41.9910352
            ],
            [
              -88.2720651,
              41.9910551
            ],
            [
              -88.2721477,
              41.9910557
            ],
            [
              -88.2721992,
              41.9910232
            ],
            [
              -88.2722711,
              41.990964
            ],
            [
              -88.2722979,
              41.9909162
            ],
            [
              -88.2723033,
              41.9908683
            ],
            [
              -88.2722818,
              41.9907168
            ],
            [
              -88.2722282,
              41.9904975
            ],
            [
              -88.2721906,
              41.9904058
            ],
            [
              -88.2721209,
              41.990342
            ],
            [
              -88.2721102,
              41.9902862
            ],
            [
              -88.2721263,
              41.9902264
            ],
            [
              -88.2721853,
              41.9901785
            ],
            [
              -88.2722335,
              41.9901347
            ],
            [
              -88.2722872,
              41.9900549
            ],
            [
              -88.2723301,
              41.9899553
            ],
            [
              -88.2723516,
              41.9897998
            ],
            [
              -88.2723462,
              41.989708
            ],
            [
              -88.2723548,
              41.9894642
            ],
            [
              -88.2723355,
              41.9893691
            ],
            [
              -88.2722979,
              41.9893133
            ],
            [
              -88.2722228,
              41.9892734
            ],
            [
              -88.2720726,
              41.9892655
            ],
            [
              -88.2719546,
              41.9892774
            ],
            [
              -88.2717722,
              41.9893053
            ],
            [
              -88.2715844,
              41.9893293
            ],
            [
              -88.2714482,
              41.9893247
            ],
            [
              -88.2712519,
              41.9892934
            ],
            [
              -88.2710909,
              41.9892734
            ],
            [
              -88.2708978,
              41.9892455
            ],
            [
              -88.270694,
              41.9892415
            ],
            [
              -88.270533,
              41.9892376
            ],
            [
              -88.2704204,
              41.9892655
            ],
            [
              -88.2703163,
              41.9893087
            ],
            [
              -88.2702841,
              41.9893606
            ],
            [
              -88.2702734,
              41.9894483
            ],
            [
              -88.2702916,
              41.9895206
            ],
            [
              -88.2703506,
              41.9896283
            ]
          ]
        ]
      },
      "id": "way/176913195"
    },
    {
      "type": "Feature",
      "properties": {
        "@id": "way/188016117",
        "natural": "water",
        "source": "Bing"
      },
      "geometry": {
        "type": "Polygon",
        "coordinates": [
          [
            [
              -88.3031086,
              41.9463547
            ],
            [
              -88.3030737,
              41.9463487
            ],
            [
              -88.303012,
              41.9463248
            ],
            [
              -88.3028833,
              41.9462888
            ],
            [
              -88.3026902,
              41.9462569
            ],
            [
              -88.3025802,
              41.946245
            ],
            [
              -88.3025078,
              41.9462489
            ],
            [
              -88.3024354,
              41.9462689
            ],
            [
              -88.3022717,
              41.9463088
            ],
            [
              -88.3022342,
              41.9463248
            ],
            [
              -88.3022074,
              41.9463327
            ],
            [
              -88.3021457,
              41.9463267
            ],
            [
              -88.3020867,
              41.9463267
            ],
            [
              -88.3020572,
              41.9463287
            ],
            [
              -88.3020169,
              41.9463228
            ],
            [
              -88.3019472,
              41.9463128
            ],
            [
              -88.3018587,
              41.9463128
            ],
            [
              -88.3017782,
              41.9463188
            ],
            [
              -88.3017326,
              41.9463327
            ],
            [
              -88.3017058,
              41.9463407
            ],
            [
              -88.3017004,
              41.9463547
            ],
            [
              -88.3016951,
              41.9463846
            ],
            [
              -88.3016736,
              41.9463906
            ],
            [
              -88.3016468,
              41.9463906
            ],
            [
              -88.3016522,
              41.9464125
            ],
            [
              -88.301628,
              41.9464345
            ],
            [
              -88.3015985,
              41.9464784
            ],
            [
              -88.3015797,
              41.9464923
            ],
            [
              -88.3015529,
              41.9464923
            ],
            [
              -88.3015341,
              41.9464764
            ],
            [
              -88.3015154,
              41.9464824
            ],
            [
              -88.301502,
              41.9465023
            ],
            [
              -88.3014832,
              41.9465322
            ],
            [
              -88.3014617,
              41.9465542
            ],
            [
              -88.3014403,
              41.9465661
            ],
            [
              -88.3014161,
              41.9465522
            ],
            [
              -88.301392,
              41.9465482
            ],
            [
              -88.3013759,
              41.9465562
            ],
            [
              -88.3013732,
              41.9465721
            ],
            [
              -88.3013383,
              41.9465701
            ],
            [
              -88.3013276,
              41.9465482
            ],
            [
              -88.3013088,
              41.9465362
            ],
            [
              -88.3012748,
              41.9465314
            ],
            [
              -88.3012686,
              41.9465143
            ],
            [
              -88.3012418,
              41.9465083
            ],
            [
              -88.3012123,
              41.9465183
            ],
            [
              -88.3011613,
              41.9465342
            ],
            [
              -88.3011264,
              41.9465462
            ],
            [
              -88.3010862,
              41.9465402
            ],
            [
              -88.3010138,
              41.9465402
            ],
            [
              -88.3009843,
              41.9465542
            ],
            [
              -88.3009601,
              41.9465661
            ],
            [
              -88.300936,
              41.9465622
            ],
            [
              -88.3009092,
              41.9465482
            ],
            [
              -88.3008395,
              41.9465482
            ],
            [
              -88.300759,
              41.9465262
            ],
            [
              -88.3006222,
              41.9464804
            ],
            [
              -88.3004961,
              41.9464325
            ],
            [
              -88.3004264,
              41.9464245
            ],
            [
              -88.3003593,
              41.9464365
            ],
            [
              -88.3003459,
              41.9464497
            ],
            [
              -88.3003299,
              41.9464764
            ],
            [
              -88.3003307,
              41.9465043
            ],
            [
              -88.3003477,
              41.9465276
            ],
            [
              -88.3003701,
              41.9465601
            ],
            [
              -88.3004263,
              41.9466067
            ],
            [
              -88.3005265,
              41.9466599
            ],
            [
              -88.300632,
              41.9467185
            ],
            [
              -88.3007304,
              41.946751
            ],
            [
              -88.3008073,
              41.9467643
            ],
            [
              -88.3008788,
              41.9467637
            ],
            [
              -88.3009852,
              41.9467743
            ],
            [
              -88.3010977,
              41.9467948
            ],
            [
              -88.3011747,
              41.9467996
            ],
            [
              -88.3012203,
              41.9468075
            ],
            [
              -88.301264,
              41.9468047
            ],
            [
              -88.3013204,
              41.9467928
            ],
            [
              -88.3013544,
              41.9467836
            ],
            [
              -88.3013732,
              41.9467856
            ],
            [
              -88.3013973,
              41.9468015
            ],
            [
              -88.3014242,
              41.9468215
            ],
            [
              -88.3014644,
              41.9468295
            ],
            [
              -88.3015127,
              41.9468255
            ],
            [
              -88.3015725,
              41.9468167
            ],
            [
              -88.3016262,
              41.9468108
            ],
            [
              -88.3016405,
              41.9468122
            ],
            [
              -88.3018087,
              41.9470882
            ],
            [
              -88.3018408,
              41.9470802
            ],
            [
              -88.3016745,
              41.9468115
            ],
            [
              -88.3016857,
              41.9468072
            ],
            [
              -88.3017836,
              41.9468195
            ],
            [
              -88.3017943,
              41.9468474
            ],
            [
              -88.3018104,
              41.9468654
            ],
            [
              -88.3018426,
              41.9468574
            ],
            [
              -88.301881,
              41.9468327
            ],
            [
              -88.3019177,
              41.9468115
            ],
            [
              -88.3020687,
              41.9467708
            ],
            [
              -88.3021787,
              41.9467349
            ],
            [
              -88.3022664,
              41.9466838
            ],
            [
              -88.3023369,
              41.9466252
            ],
            [
              -88.3023906,
              41.9465693
            ],
            [
              -88.3024354,
              41.9465322
            ],
            [
              -88.3024944,
              41.9465143
            ],
            [
              -88.3025614,
              41.9465063
            ],
            [
              -88.3026204,
              41.9465143
            ],
            [
              -88.3026902,
              41.9465143
            ],
            [
              -88.3027411,
              41.9465083
            ],
            [
              -88.3028028,
              41.9465103
            ],
            [
              -88.3028519,
              41.9465095
            ],
            [
              -88.3029396,
              41.9464983
            ],
            [
              -88.3029968,
              41.9464776
            ],
            [
              -88.3030611,
              41.9464417
            ],
            [
              -88.3031014,
              41.9464137
            ],
            [
              -88.3031327,
              41.9463986
            ],
            [
              -88.3031649,
              41.9463966
            ],
            [
              -88.3031783,
              41.9463846
            ],
            [
              -88.303173,
              41.9463686
            ],
            [
              -88.3031542,
              41.9463567
            ],
            [
              -88.3031354,
              41.9463567
            ],
            [
              -88.3031086,
              41.9463547
            ]
          ]
        ]
      },
      "id": "way/188016117"
    },
    {
      "type": "Feature",
      "properties": {
        "@id": "way/188016119",
        "natural": "water",
        "source": "Bing"
      },
      "geometry": {
        "type": "Polygon",
        "coordinates": [
          [
            [
              -88.2981921,
              41.9459916
            ],
            [
              -88.2980821,
              41.9459597
            ],
            [
              -88.2979319,
              41.9459158
            ],
            [
              -88.2978461,
              41.9459058
            ],
            [
              -88.2977951,
              41.9459078
            ],
            [
              -88.2977442,
              41.9459198
            ],
            [
              -88.2977066,
              41.9459397
            ],
            [
              -88.2976691,
              41.9459896
            ],
            [
              -88.2976959,
              41.9460109
            ],
            [
              -88.2977227,
              41.9460222
            ],
            [
              -88.297744,
              41.9460327
            ],
            [
              -88.2977648,
              41.9460408
            ],
            [
              -88.2978202,
              41.9460541
            ],
            [
              -88.2978595,
              41.9460727
            ],
            [
              -88.2979346,
              41.9461133
            ],
            [
              -88.2979695,
              41.9461233
            ],
            [
              -88.2980115,
              41.9461193
            ],
            [
              -88.2980641,
              41.9461012
            ],
            [
              -88.2981018,
              41.9460767
            ],
            [
              -88.298125,
              41.946064
            ],
            [
              -88.2981473,
              41.946048
            ],
            [
              -88.2981804,
              41.9460274
            ],
            [
              -88.2981947,
              41.9460202
            ],
            [
              -88.2982109,
              41.9460109
            ],
            [
              -88.2982064,
              41.9459956
            ],
            [
              -88.2981921,
              41.9459916
            ]
          ]
        ]
      },
      "id": "way/188016119"
    },
    {
      "type": "Feature",
      "properties": {
        "@id": "way/188016128",
        "natural": "water",
        "source": "Bing"
      },
      "geometry": {
        "type": "Polygon",
        "coordinates": [
          [
            [
              -88.3006866,
              41.9456485
            ],
            [
              -88.3006141,
              41.9455906
            ],
            [
              -88.3005525,
              41.9455527
            ],
            [
              -88.3005069,
              41.9455188
            ],
            [
              -88.3004318,
              41.9454909
            ],
            [
              -88.3003406,
              41.9454709
            ],
            [
              -88.3002413,
              41.9454569
            ],
            [
              -88.3001287,
              41.945451
            ],
            [
              -88.300008,
              41.945453
            ],
            [
              -88.2999436,
              41.945455
            ],
            [
              -88.2999087,
              41.9454669
            ],
            [
              -88.2998765,
              41.9454669
            ],
            [
              -88.299839,
              41.945455
            ],
            [
              -88.2997934,
              41.945447
            ],
            [
              -88.2997532,
              41.945455
            ],
            [
              -88.2997183,
              41.9454729
            ],
            [
              -88.2996646,
              41.9454929
            ],
            [
              -88.2996137,
              41.9454889
            ],
            [
              -88.2995574,
              41.9454849
            ],
            [
              -88.2995064,
              41.9454929
            ],
            [
              -88.2994608,
              41.9455188
            ],
            [
              -88.2994179,
              41.9455328
            ],
            [
              -88.2993642,
              41.9455328
            ],
            [
              -88.2993079,
              41.9455387
            ],
            [
              -88.2992677,
              41.9455447
            ],
            [
              -88.2992248,
              41.9455687
            ],
            [
              -88.2992087,
              41.9456046
            ],
            [
              -88.2991684,
              41.9456405
            ],
            [
              -88.2991014,
              41.9456764
            ],
            [
              -88.2990692,
              41.9457063
            ],
            [
              -88.2990477,
              41.9457422
            ],
            [
              -88.2990424,
              41.9457741
            ],
            [
              -88.2990746,
              41.94583
            ],
            [
              -88.2991014,
              41.9458579
            ],
            [
              -88.2991255,
              41.9458639
            ],
            [
              -88.2991585,
              41.9458571
            ],
            [
              -88.2992167,
              41.9458539
            ],
            [
              -88.2993186,
              41.9458639
            ],
            [
              -88.2994367,
              41.9458819
            ],
            [
              -88.2995413,
              41.9459038
            ],
            [
              -88.2995788,
              41.9459198
            ],
            [
              -88.2995895,
              41.9459377
            ],
            [
              -88.2996056,
              41.9459457
            ],
            [
              -88.2996252,
              41.9459409
            ],
            [
              -88.2996378,
              41.9459258
            ],
            [
              -88.2996306,
              41.945895
            ],
            [
              -88.2996279,
              41.9458512
            ],
            [
              -88.2996351,
              41.9458101
            ],
            [
              -88.2996628,
              41.9457773
            ],
            [
              -88.299729,
              41.9457482
            ],
            [
              -88.2998309,
              41.9457203
            ],
            [
              -88.2999436,
              41.9457163
            ],
            [
              -88.300134,
              41.9457303
            ],
            [
              -88.3003298,
              41.9457482
            ],
            [
              -88.3004191,
              41.9457534
            ],
            [
              -88.300539,
              41.9457482
            ],
            [
              -88.3006463,
              41.9457243
            ],
            [
              -88.3006981,
              41.9457055
            ],
            [
              -88.3007115,
              41.9456876
            ],
            [
              -88.3007053,
              41.9456704
            ],
            [
              -88.3006866,
              41.9456485
            ]
          ]
        ]
      },
      "id": "way/188016128"
    },
    {
      "type": "Feature",
      "properties": {
        "@id": "way/188016129",
        "natural": "water",
        "source": "Bing"
      },
      "geometry": {
        "type": "Polygon",
        "coordinates": [
          [
            [
              -88.2973338,
              41.9460614
            ],
            [
              -88.2972855,
              41.9460255
            ],
            [
              -88.2972426,
              41.9459876
            ],
            [
              -88.2972024,
              41.9459637
            ],
            [
              -88.2971595,
              41.9459417
            ],
            [
              -88.2971246,
              41.9459018
            ],
            [
              -88.2970924,
              41.9458719
            ],
            [
              -88.2970495,
              41.94584
            ],
            [
              -88.2969905,
              41.945816
            ],
            [
              -88.2969342,
              41.9458121
            ],
            [
              -88.2968751,
              41.94582
            ],
            [
              -88.2968269,
              41.945832
            ],
            [
              -88.2967571,
              41.9458759
            ],
            [
              -88.2967276,
              41.9459078
            ],
            [
              -88.2967196,
              41.9459337
            ],
            [
              -88.2967303,
              41.9459637
            ],
            [
              -88.2967732,
              41.9459976
            ],
            [
              -88.2968108,
              41.9460235
            ],
            [
              -88.2968644,
              41.9460455
            ],
            [
              -88.2969878,
              41.9460874
            ],
            [
              -88.2970495,
              41.9461053
            ],
            [
              -88.2970978,
              41.9461073
            ],
            [
              -88.2971415,
              41.9461025
            ],
            [
              -88.2971675,
              41.9460993
            ],
            [
              -88.2971997,
              41.9460993
            ],
            [
              -88.2972399,
              41.9461153
            ],
            [
              -88.2972748,
              41.9461233
            ],
            [
              -88.2973123,
              41.9461213
            ],
            [
              -88.29734,
              41.9461105
            ],
            [
              -88.2973561,
              41.9460945
            ],
            [
              -88.2973499,
              41.9460754
            ],
            [
              -88.2973338,
              41.9460614
            ]
          ]
        ]
      },
      "id": "way/188016129"
    },
    {
      "type": "Feature",
      "properties": {
        "@id": "way/188016135",
        "natural": "water",
        "source": "Bing"
      },
      "geometry": {
        "type": "Polygon",
        "coordinates": [
          [
            [
              -88.2953731,
              41.9452654
            ],
            [
              -88.2952631,
              41.9453013
            ],
            [
              -88.2951558,
              41.9453193
            ],
            [
              -88.2950217,
              41.9453193
            ],
            [
              -88.2948984,
              41.9453113
            ],
            [
              -88.2947482,
              41.9452674
            ],
            [
              -88.2945819,
              41.9452076
            ],
            [
              -88.2944129,
              41.9451318
            ],
            [
              -88.2942144,
              41.945046
            ],
            [
              -88.2940374,
              41.9449682
            ],
            [
              -88.2939945,
              41.9449602
            ],
            [
              -88.2939649,
              41.9449422
            ],
            [
              -88.2939113,
              41.9449023
            ],
            [
              -88.2938711,
              41.9448684
            ],
            [
              -88.2938442,
              41.9448405
            ],
            [
              -88.2937933,
              41.9448126
            ],
            [
              -88.293509,
              41.9446988
            ],
            [
              -88.2933328,
              41.9446362
            ],
            [
              -88.2932112,
              41.9445811
            ],
            [
              -88.2931013,
              41.9445153
            ],
            [
              -88.2930074,
              41.9444315
            ],
            [
              -88.2929538,
              41.9443856
            ],
            [
              -88.2928894,
              41.9443637
            ],
            [
              -88.2928357,
              41.9443278
            ],
            [
              -88.2927955,
              41.9442679
            ],
            [
              -88.2927606,
              41.94422
            ],
            [
              -88.2927419,
              41.9441722
            ],
            [
              -88.2926989,
              41.9441283
            ],
            [
              -88.292648,
              41.9441003
            ],
            [
              -88.2925702,
              41.9440804
            ],
            [
              -88.2924978,
              41.9440545
            ],
            [
              -88.2923503,
              41.9439966
            ],
            [
              -88.292251,
              41.9439447
            ],
            [
              -88.2921732,
              41.9438909
            ],
            [
              -88.2921276,
              41.943857
            ],
            [
              -88.2920981,
              41.9438171
            ],
            [
              -88.2920659,
              41.9437851
            ],
            [
              -88.2920284,
              41.9437791
            ],
            [
              -88.2920043,
              41.9437811
            ],
            [
              -88.2919747,
              41.9438071
            ],
            [
              -88.291964,
              41.943833
            ],
            [
              -88.2919506,
              41.9438969
            ],
            [
              -88.2919372,
              41.9440166
            ],
            [
              -88.2919399,
              41.9441482
            ],
            [
              -88.2919345,
              41.9442141
            ],
            [
              -88.291956,
              41.9442998
            ],
            [
              -88.2919774,
              41.9443657
            ],
            [
              -88.2919801,
              41.9444734
            ],
            [
              -88.2919667,
              41.9445632
            ],
            [
              -88.2919747,
              41.944641
            ],
            [
              -88.2920016,
              41.9446849
            ],
            [
              -88.2920177,
              41.9447687
            ],
            [
              -88.2919935,
              41.9448525
            ],
            [
              -88.2919747,
              41.9449163
            ],
            [
              -88.2919935,
              41.9449462
            ],
            [
              -88.2920311,
              41.9449662
            ],
            [
              -88.2920686,
              41.9449821
            ],
            [
              -88.2921008,
              41.9450101
            ],
            [
              -88.2921625,
              41.945056
            ],
            [
              -88.2922752,
              41.9450998
            ],
            [
              -88.2923798,
              41.9451298
            ],
            [
              -88.2925085,
              41.9451677
            ],
            [
              -88.2926104,
              41.9451876
            ],
            [
              -88.2926855,
              41.9452096
            ],
            [
              -88.2927606,
              41.9452475
            ],
            [
              -88.2928143,
              41.9452914
            ],
            [
              -88.2928947,
              41.9453452
            ],
            [
              -88.2930101,
              41.9454011
            ],
            [
              -88.2931227,
              41.945437
            ],
            [
              -88.2932649,
              41.9454789
            ],
            [
              -88.2933435,
              41.945496
            ],
            [
              -88.2933775,
              41.9454948
            ],
            [
              -88.2934473,
              41.9454889
            ],
            [
              -88.2934982,
              41.9454889
            ],
            [
              -88.2935733,
              41.9455168
            ],
            [
              -88.2936136,
              41.9455308
            ],
            [
              -88.2936565,
              41.9455228
            ],
            [
              -88.293686,
              41.9455108
            ],
            [
              -88.2937638,
              41.9454988
            ],
            [
              -88.2938416,
              41.9455168
            ],
            [
              -88.2939274,
              41.9455487
            ],
            [
              -88.2939864,
              41.9455886
            ],
            [
              -88.2940508,
              41.9456365
            ],
            [
              -88.2941125,
              41.9456764
            ],
            [
              -88.2941849,
              41.9456983
            ],
            [
              -88.2943297,
              41.9457183
            ],
            [
              -88.2943807,
              41.9457163
            ],
            [
              -88.2944083,
              41.9456916
            ],
            [
              -88.2944692,
              41.9456564
            ],
            [
              -88.2945156,
              41.9456337
            ],
            [
              -88.294547,
              41.9456245
            ],
            [
              -88.2945926,
              41.9456425
            ],
            [
              -88.294657,
              41.9456744
            ],
            [
              -88.2946999,
              41.9456884
            ],
            [
              -88.2947409,
              41.9456816
            ],
            [
              -88.2947884,
              41.9456584
            ],
            [
              -88.2949145,
              41.9456165
            ],
            [
              -88.2950351,
              41.9456006
            ],
            [
              -88.2951773,
              41.9455886
            ],
            [
              -88.2952953,
              41.9455886
            ],
            [
              -88.2954133,
              41.9456086
            ],
            [
              -88.2954992,
              41.9456126
            ],
            [
              -88.2955689,
              41.9456006
            ],
            [
              -88.2956065,
              41.9455866
            ],
            [
              -88.295636,
              41.9455906
            ],
            [
              -88.2956413,
              41.9456066
            ],
            [
              -88.2956521,
              41.9456325
            ],
            [
              -88.2956682,
              41.9456405
            ],
            [
              -88.2957003,
              41.9456285
            ],
            [
              -88.2957146,
              41.9456058
            ],
            [
              -88.2957298,
              41.9455727
            ],
            [
              -88.2957406,
              41.9455268
            ],
            [
              -88.2957333,
              41.9454881
            ],
            [
              -88.295728,
              41.9454601
            ],
            [
              -88.2957459,
              41.945429
            ],
            [
              -88.2957602,
              41.9453923
            ],
            [
              -88.2957567,
              41.9453592
            ],
            [
              -88.2957406,
              41.9453253
            ],
            [
              -88.2956923,
              41.9452914
            ],
            [
              -88.2956252,
              41.9452674
            ],
            [
              -88.2955662,
              41.9452574
            ],
            [
              -88.2954858,
              41.9452515
            ],
            [
              -88.2954214,
              41.9452535
            ],
            [
              -88.2953731,
              41.9452654
            ]
          ]
        ]
      },
      "id": "way/188016135"
    },
    {
      "type": "Feature",
      "properties": {
        "@id": "way/196354346",
        "natural": "water",
        "source": "Bing"
      },
      "geometry": {
        "type": "Polygon",
        "coordinates": [
          [
            [
              -88.3243705,
              41.947049
            ],
            [
              -88.3243812,
              41.9470051
            ],
            [
              -88.3243812,
              41.9469652
            ],
            [
              -88.32445,
              41.9467594
            ],
            [
              -88.3245224,
              41.946524
            ],
            [
              -88.3245556,
              41.9463648
            ],
            [
              -88.3245609,
              41.9463009
            ],
            [
              -88.3245519,
              41.9462566
            ],
            [
              -88.3245395,
              41.9462391
            ],
            [
              -88.3245207,
              41.9462471
            ],
            [
              -88.3244885,
              41.9462451
            ],
            [
              -88.3244607,
              41.9462327
            ],
            [
              -88.3244054,
              41.9462371
            ],
            [
              -88.3243061,
              41.9462511
            ],
            [
              -88.3240808,
              41.946263
            ],
            [
              -88.3237938,
              41.946279
            ],
            [
              -88.3235381,
              41.9462766
            ],
            [
              -88.3234746,
              41.946285
            ],
            [
              -88.323429,
              41.9462989
            ],
            [
              -88.3234129,
              41.9463269
            ],
            [
              -88.3234281,
              41.9464162
            ],
            [
              -88.323472,
              41.9465603
            ],
            [
              -88.3235176,
              41.9466401
            ],
            [
              -88.3235551,
              41.9466959
            ],
            [
              -88.3236168,
              41.9467717
            ],
            [
              -88.3237134,
              41.9468555
            ],
            [
              -88.3238367,
              41.9469752
            ],
            [
              -88.3239172,
              41.947047
            ],
            [
              -88.3239565,
              41.9470865
            ],
            [
              -88.3239789,
              41.9470969
            ],
            [
              -88.3240191,
              41.9470929
            ],
            [
              -88.3240531,
              41.9470945
            ],
            [
              -88.3240754,
              41.9471268
            ],
            [
              -88.3240942,
              41.9471707
            ],
            [
              -88.324121,
              41.9471568
            ],
            [
              -88.3241606,
              41.9471582
            ],
            [
              -88.3241774,
              41.9471588
            ],
            [
              -88.3242149,
              41.9471588
            ],
            [
              -88.3242649,
              41.9471524
            ],
            [
              -88.3243088,
              41.9471388
            ],
            [
              -88.3243356,
              41.9471069
            ],
            [
              -88.3243705,
              41.947049
            ]
          ]
        ]
      },
      "id": "way/196354346"
    },
    {
      "type": "Feature",
      "properties": {
        "@id": "way/196355117",
        "natural": "water",
        "source": "Bing"
      },
      "geometry": {
        "type": "Polygon",
        "coordinates": [
          [
            [
              -88.32359,
              41.9521418
            ],
            [
              -88.3235729,
              41.9520497
            ],
            [
              -88.3235605,
              41.9518785
            ],
            [
              -88.3235568,
              41.9516248
            ],
            [
              -88.3235578,
              41.9515514
            ],
            [
              -88.3235846,
              41.9514517
            ],
            [
              -88.3236132,
              41.9513515
            ],
            [
              -88.3236302,
              41.9512941
            ],
            [
              -88.3236275,
              41.9512562
            ],
            [
              -88.3236024,
              41.9512219
            ],
            [
              -88.3235712,
              41.9511983
            ],
            [
              -88.323531,
              41.9511864
            ],
            [
              -88.3234683,
              41.95119
            ],
            [
              -88.3233074,
              41.9512039
            ],
            [
              -88.3231769,
              41.9512123
            ],
            [
              -88.3230267,
              41.9512143
            ],
            [
              -88.3226324,
              41.9512183
            ],
            [
              -88.322568,
              41.9512243
            ],
            [
              -88.3225198,
              41.9512402
            ],
            [
              -88.3224876,
              41.9512622
            ],
            [
              -88.3224715,
              41.9512821
            ],
            [
              -88.3224634,
              41.951312
            ],
            [
              -88.3224634,
              41.95134
            ],
            [
              -88.3225242,
              41.9516986
            ],
            [
              -88.3225493,
              41.9517649
            ],
            [
              -88.3225761,
              41.9518227
            ],
            [
              -88.3226217,
              41.9518685
            ],
            [
              -88.3226968,
              41.9519343
            ],
            [
              -88.3228175,
              41.9520281
            ],
            [
              -88.3228819,
              41.9520999
            ],
            [
              -88.3229516,
              41.9521857
            ],
            [
              -88.3229999,
              41.9522375
            ],
            [
              -88.3230374,
              41.9522615
            ],
            [
              -88.3230911,
              41.9522694
            ],
            [
              -88.3231715,
              41.9522794
            ],
            [
              -88.3232359,
              41.9522834
            ],
            [
              -88.3234361,
              41.9522671
            ],
            [
              -88.3235059,
              41.9522652
            ],
            [
              -88.3235327,
              41.9522652
            ],
            [
              -88.3235515,
              41.9522552
            ],
            [
              -88.3235578,
              41.9522375
            ],
            [
              -88.3235568,
              41.9522153
            ],
            [
              -88.3235649,
              41.9521993
            ],
            [
              -88.3235927,
              41.9521717
            ],
            [
              -88.32359,
              41.9521418
            ]
          ]
        ]
      },
      "id": "way/196355117"
    },
    {
      "type": "Feature",
      "properties": {
        "@id": "way/197162005",
        "natural": "water",
        "source": "Bing"
      },
      "geometry": {
        "type": "Polygon",
        "coordinates": [
          [
            [
              -88.3031381,
              41.9648093
            ],
            [
              -88.3033232,
              41.9648512
            ],
            [
              -88.303495,
              41.9648896
            ],
            [
              -88.3036693,
              41.9649136
            ],
            [
              -88.3037604,
              41.964919
            ],
            [
              -88.3038006,
              41.9649151
            ],
            [
              -88.3038115,
              41.9648916
            ],
            [
              -88.3037953,
              41.9648672
            ],
            [
              -88.3037416,
              41.9648452
            ],
            [
              -88.3036638,
              41.9648253
            ],
            [
              -88.3035619,
              41.9648093
            ],
            [
              -88.3034734,
              41.9648034
            ],
            [
              -88.3034037,
              41.9647854
            ],
            [
              -88.3033715,
              41.9647595
            ],
            [
              -88.3033447,
              41.9647276
            ],
            [
              -88.3033098,
              41.9646817
            ],
            [
              -88.3032615,
              41.9646279
            ],
            [
              -88.3032213,
              41.9646039
            ],
            [
              -88.3031597,
              41.9645566
            ],
            [
              -88.3030925,
              41.9645401
            ],
            [
              -88.3030282,
              41.9645341
            ],
            [
              -88.3029799,
              41.9645401
            ],
            [
              -88.3029316,
              41.9645601
            ],
            [
              -88.3028941,
              41.964586
            ],
            [
              -88.3028486,
              41.9646343
            ],
            [
              -88.3028431,
              41.9646677
            ],
            [
              -88.3028513,
              41.9646962
            ],
            [
              -88.3028967,
              41.9647336
            ],
            [
              -88.3029666,
              41.964748
            ],
            [
              -88.303039,
              41.964772
            ],
            [
              -88.3031381,
              41.9648093
            ]
          ]
        ]
      },
      "id": "way/197162005"
    },
    {
      "type": "Feature",
      "properties": {
        "@id": "way/197165540",
        "natural": "water",
        "source": "Bing"
      },
      "geometry": {
        "type": "Polygon",
        "coordinates": [
          [
            [
              -88.3203953,
              41.9740087
            ],
            [
              -88.3203363,
              41.9740247
            ],
            [
              -88.3203041,
              41.9740287
            ],
            [
              -88.3202559,
              41.9740147
            ],
            [
              -88.320221,
              41.9739928
            ],
            [
              -88.3201727,
              41.9739908
            ],
            [
              -88.320103,
              41.9740047
            ],
            [
              -88.3200735,
              41.9740167
            ],
            [
              -88.3200279,
              41.9740187
            ],
            [
              -88.3199823,
              41.9740187
            ],
            [
              -88.3199369,
              41.9740272
            ],
            [
              -88.3199074,
              41.9740431
            ],
            [
              -88.3198884,
              41.9740566
            ],
            [
              -88.3198777,
              41.9740845
            ],
            [
              -88.3198699,
              41.9741388
            ],
            [
              -88.3198696,
              41.9742041
            ],
            [
              -88.3198806,
              41.9742665
            ],
            [
              -88.3199152,
              41.9743178
            ],
            [
              -88.3199664,
              41.9743781
            ],
            [
              -88.3200332,
              41.9744215
            ],
            [
              -88.320114,
              41.9744699
            ],
            [
              -88.3201942,
              41.9744953
            ],
            [
              -88.3202749,
              41.9745197
            ],
            [
              -88.3203122,
              41.9745172
            ],
            [
              -88.320342,
              41.9745077
            ],
            [
              -88.3203658,
              41.9744873
            ],
            [
              -88.3203766,
              41.9744494
            ],
            [
              -88.3204063,
              41.974426
            ],
            [
              -88.3204814,
              41.9743861
            ],
            [
              -88.3205134,
              41.9743497
            ],
            [
              -88.3205134,
              41.9743238
            ],
            [
              -88.3205297,
              41.9742864
            ],
            [
              -88.3205914,
              41.9742665
            ],
            [
              -88.3206421,
              41.9742221
            ],
            [
              -88.3206475,
              41.9741543
            ],
            [
              -88.3206343,
              41.974091
            ],
            [
              -88.3205965,
              41.9740466
            ],
            [
              -88.3205753,
              41.9740232
            ],
            [
              -88.3205321,
              41.9740127
            ],
            [
              -88.3204758,
              41.9740167
            ],
            [
              -88.3204463,
              41.9740207
            ],
            [
              -88.3203953,
              41.9740087
            ]
          ]
        ]
      },
      "id": "way/197165540"
    },
    {
      "type": "Feature",
      "properties": {
        "@id": "way/197356042",
        "natural": "water",
        "source": "Bing"
      },
      "geometry": {
        "type": "Polygon",
        "coordinates": [
          [
            [
              -88.3359925,
              41.9723595
            ],
            [
              -88.3359147,
              41.9723276
            ],
            [
              -88.3357619,
              41.972286
            ],
            [
              -88.3356761,
              41.9722481
            ],
            [
              -88.3356062,
              41.972208
            ],
            [
              -88.3355499,
              41.9721521
            ],
            [
              -88.3353864,
              41.9719111
            ],
            [
              -88.3351797,
              41.9716755
            ],
            [
              -88.3351341,
              41.9716117
            ],
            [
              -88.3350885,
              41.9715818
            ],
            [
              -88.335043,
              41.9715798
            ],
            [
              -88.3349383,
              41.9715977
            ],
            [
              -88.3347855,
              41.9716316
            ],
            [
              -88.3346406,
              41.9716775
            ],
            [
              -88.334469,
              41.9717393
            ],
            [
              -88.3343429,
              41.9718011
            ],
            [
              -88.3342329,
              41.971867
            ],
            [
              -88.3341875,
              41.9719151
            ],
            [
              -88.3341526,
              41.9719769
            ],
            [
              -88.3341526,
              41.9720088
            ],
            [
              -88.334182,
              41.9720345
            ],
            [
              -88.3342223,
              41.9720467
            ],
            [
              -88.3342678,
              41.9720464
            ],
            [
              -88.3343859,
              41.9720407
            ],
            [
              -88.3344664,
              41.9720427
            ],
            [
              -88.3345496,
              41.9720726
            ],
            [
              -88.3346218,
              41.9721102
            ],
            [
              -88.3347427,
              41.9721983
            ],
            [
              -88.3348285,
              41.9722741
            ],
            [
              -88.3349438,
              41.9723399
            ],
            [
              -88.3350672,
              41.9723917
            ],
            [
              -88.3351691,
              41.9724296
            ],
            [
              -88.3352414,
              41.9724811
            ],
            [
              -88.3352845,
              41.9725433
            ],
            [
              -88.3353139,
              41.9726048
            ],
            [
              -88.3353247,
              41.9726809
            ],
            [
              -88.3353354,
              41.9727227
            ],
            [
              -88.3353676,
              41.9727666
            ],
            [
              -88.3353997,
              41.9727922
            ],
            [
              -88.3354401,
              41.9728005
            ],
            [
              -88.3354855,
              41.9728002
            ],
            [
              -88.3355338,
              41.9727823
            ],
            [
              -88.3355715,
              41.9727546
            ],
            [
              -88.3356169,
              41.9726965
            ],
            [
              -88.3356679,
              41.9726487
            ],
            [
              -88.3357217,
              41.9726091
            ],
            [
              -88.3358074,
              41.9725709
            ],
            [
              -88.3359737,
              41.9724971
            ],
            [
              -88.3360139,
              41.9724732
            ],
            [
              -88.3360327,
              41.9724373
            ],
            [
              -88.3360327,
              41.9724054
            ],
            [
              -88.336022,
              41.9723775
            ],
            [
              -88.3359925,
              41.9723595
            ]
          ]
        ]
      },
      "id": "way/197356042"
    },
    {
      "type": "Feature",
      "properties": {
        "@id": "way/544811650",
        "name": "Sugar Creek Wetland",
        "natural": "water",
        "water": "pond"
      },
      "geometry": {
        "type": "Polygon",
        "coordinates": [
          [
            [
              -88.3068862,
              41.9839898
            ],
            [
              -88.3068246,
              41.9839394
            ],
            [
              -88.3065165,
              41.9839692
            ],
            [
              -88.3063593,
              41.9840425
            ],
            [
              -88.3062977,
              41.9841364
            ],
            [
              -88.3062946,
              41.984228
            ],
            [
              -88.3065842,
              41.9844158
            ],
            [
              -88.3066027,
              41.9845441
            ],
            [
              -88.3067137,
              41.9845967
            ],
            [
              -88.3067445,
              41.9845693
            ],
            [
              -88.3067938,
              41.9846288
            ],
            [
              -88.3069201,
              41.9846196
            ],
            [
              -88.3070556,
              41.9847708
            ],
            [
              -88.3072498,
              41.9849334
            ],
            [
              -88.3073792,
              41.9849746
            ],
            [
              -88.3074192,
              41.9849174
            ],
            [
              -88.3068862,
              41.9839898
            ]
          ]
        ]
      },
      "id": "way/544811650"
    },
    {
      "type": "Feature",
      "properties": {
        "@id": "way/544814478",
        "name": "Lancaster Pond",
        "natural": "water",
        "water": "pond"
      },
      "geometry": {
        "type": "Polygon",
        "coordinates": [
          [
            [
              -88.3123525,
              41.9855118
            ],
            [
              -88.3124295,
              41.9855347
            ],
            [
              -88.3125004,
              41.9855209
            ],
            [
              -88.3126236,
              41.985498
            ],
            [
              -88.3131536,
              41.9853927
            ],
            [
              -88.3132244,
              41.985411
            ],
            [
              -88.3135048,
              41.98534
            ],
            [
              -88.3136496,
              41.9852644
            ],
            [
              -88.3137051,
              41.9851683
            ],
            [
              -88.3136774,
              41.9851362
            ],
            [
              -88.3136496,
              41.9850286
            ],
            [
              -88.3134925,
              41.9848499
            ],
            [
              -88.3133569,
              41.9847491
            ],
            [
              -88.3132306,
              41.9846278
            ],
            [
              -88.3130581,
              41.9845339
            ],
            [
              -88.3128054,
              41.9844285
            ],
            [
              -88.3126082,
              41.9843758
            ],
            [
              -88.3123248,
              41.9843804
            ],
            [
              -88.3121522,
              41.9843209
            ],
            [
              -88.3120536,
              41.9843827
            ],
            [
              -88.3119951,
              41.9844743
            ],
            [
              -88.3120845,
              41.9845247
            ],
            [
              -88.3122046,
              41.9846713
            ],
            [
              -88.3123001,
              41.9847698
            ],
            [
              -88.3123155,
              41.9849805
            ],
            [
              -88.3124141,
              41.9851637
            ],
            [
              -88.3123371,
              41.9853034
            ],
            [
              -88.312294,
              41.9854637
            ],
            [
              -88.3123525,
              41.9855118
            ]
          ]
        ]
      },
      "id": "way/544814478"
    },
    {
      "type": "Feature",
      "properties": {
        "@id": "way/560751429",
        "natural": "water",
        "water": "pond"
      },
      "geometry": {
        "type": "Polygon",
        "coordinates": [
          [
            [
              -88.3398059,
              41.9802437
            ],
            [
              -88.33972,
              41.9782657
            ],
            [
              -88.3371237,
              41.9783614
            ],
            [
              -88.3371983,
              41.9789462
            ],
            [
              -88.3371017,
              41.9788904
            ],
            [
              -88.3370695,
              41.9798794
            ],
            [
              -88.3371125,
              41.980007
            ],
            [
              -88.3372412,
              41.9800149
            ],
            [
              -88.3372197,
              41.9802303
            ],
            [
              -88.337091,
              41.9802941
            ],
            [
              -88.337091,
              41.9807726
            ],
            [
              -88.3371876,
              41.9808603
            ],
            [
              -88.3372841,
              41.9810119
            ],
            [
              -88.3372197,
              41.9811554
            ],
            [
              -88.3371983,
              41.981291
            ],
            [
              -88.3370695,
              41.9813548
            ],
            [
              -88.3370481,
              41.9812033
            ],
            [
              -88.3369408,
              41.9810837
            ],
            [
              -88.3367584,
              41.9809959
            ],
            [
              -88.3361254,
              41.9809241
            ],
            [
              -88.336061,
              41.9810597
            ],
            [
              -88.3357821,
              41.9809321
            ],
            [
              -88.334795,
              41.9809321
            ],
            [
              -88.333808,
              41.9809561
            ],
            [
              -88.3329068,
              41.9810278
            ],
            [
              -88.3322201,
              41.9810597
            ],
            [
              -88.3319626,
              41.9814426
            ],
            [
              -88.3316515,
              41.98161
            ],
            [
              -88.331276,
              41.9817217
            ],
            [
              -88.3311901,
              41.9817855
            ],
            [
              -88.3309326,
              41.9816659
            ],
            [
              -88.330246,
              41.9813149
            ],
            [
              -88.329967,
              41.9812192
            ],
            [
              -88.3292589,
              41.9807886
            ],
            [
              -88.3284006,
              41.9802702
            ],
            [
              -88.3274136,
              41.9797916
            ],
            [
              -88.3269362,
              41.9793609
            ],
            [
              -88.3262549,
              41.9789382
            ],
            [
              -88.3255414,
              41.9784996
            ],
            [
              -88.3245865,
              41.9779333
            ],
            [
              -88.3249191,
              41.9782204
            ],
            [
              -88.3254019,
              41.9785753
            ],
            [
              -88.3259491,
              41.9789223
            ],
            [
              -88.3264748,
              41.9791735
            ],
            [
              -88.3268611,
              41.9794327
            ],
            [
              -88.3272927,
              41.9798327
            ],
            [
              -88.327752,
              41.9800983
            ],
            [
              -88.3282177,
              41.9804018
            ],
            [
              -88.3290342,
              41.9807859
            ],
            [
              -88.3296212,
              41.9811653
            ],
            [
              -88.3298253,
              41.9812933
            ],
            [
              -88.3307822,
              41.9817818
            ],
            [
              -88.3310119,
              41.9819714
            ],
            [
              -88.3313308,
              41.9819952
            ],
            [
              -88.3322239,
              41.9821279
            ],
            [
              -88.3336988,
              41.9819559
            ],
            [
              -88.3340624,
              41.9818041
            ],
            [
              -88.3341262,
              41.9819654
            ],
            [
              -88.3344898,
              41.9819843
            ],
            [
              -88.3352618,
              41.9820886
            ],
            [
              -88.3356956,
              41.982046
            ],
            [
              -88.3359954,
              41.9819179
            ],
            [
              -88.336902,
              41.981899
            ],
            [
              -88.3370808,
              41.9815414
            ],
            [
              -88.3371191,
              41.9814249
            ],
            [
              -88.3372626,
              41.981289
            ],
            [
              -88.3374378,
              41.9812208
            ],
            [
              -88.3376611,
              41.9810074
            ],
            [
              -88.3377759,
              41.9809932
            ],
            [
              -88.3379865,
              41.980794
            ],
            [
              -88.338248,
              41.9806731
            ],
            [
              -88.338289,
              41.9803494
            ],
            [
              -88.3386963,
              41.9801008
            ],
            [
              -88.3392241,
              41.9803222
            ],
            [
              -88.3395494,
              41.9802487
            ],
            [
              -88.3396898,
              41.980289
            ],
            [
              -88.3398059,
              41.9802437
            ]
          ]
        ]
      },
      "id": "way/560751429"
    },
    {
      "type": "Feature",
      "properties": {
        "@id": "way/713432408",
        "natural": "water",
        "water": "pond"
      },
      "geometry": {
        "type": "Polygon",
        "coordinates": [
          [
            [
              -88.3222825,
              41.9565288
            ],
            [
              -88.3222289,
              41.9566804
            ],
            [
              -88.3223362,
              41.956852
            ],
            [
              -88.3224595,
              41.9569158
            ],
            [
              -88.3226366,
              41.9568599
            ],
            [
              -88.322717,
              41.9567482
            ],
            [
              -88.3228458,
              41.9566804
            ],
            [
              -88.322937,
              41.9566724
            ],
            [
              -88.3230872,
              41.9567083
            ],
            [
              -88.3231945,
              41.9565847
            ],
            [
              -88.3234198,
              41.9563214
            ],
            [
              -88.3235271,
              41.9561937
            ],
            [
              -88.3235324,
              41.9560741
            ],
            [
              -88.3234841,
              41.9559384
            ],
            [
              -88.3233715,
              41.9558546
            ],
            [
              -88.3231837,
              41.9558227
            ],
            [
              -88.322363,
              41.9558307
            ],
            [
              -88.3222503,
              41.9558427
            ],
            [
              -88.322143,
              41.9558985
            ],
            [
              -88.3221162,
              41.9559943
            ],
            [
              -88.3221377,
              41.95611
            ],
            [
              -88.3222235,
              41.9562536
            ],
            [
              -88.3223362,
              41.9563094
            ],
            [
              -88.3224059,
              41.9563852
            ],
            [
              -88.322363,
              41.956477
            ],
            [
              -88.3222825,
              41.9565288
            ]
          ]
        ]
      },
      "id": "way/713432408"
    },
    {
      "type": "Feature",
      "properties": {
        "@id": "way/713432409",
        "natural": "water",
        "water": "pond"
      },
      "geometry": {
        "type": "Polygon",
        "coordinates": [
          [
            [
              -88.325023,
              41.9607859
            ],
            [
              -88.325214,
              41.9607172
            ],
            [
              -88.325288,
              41.9606118
            ],
            [
              -88.3253363,
              41.960433
            ],
            [
              -88.325251,
              41.9602452
            ],
            [
              -88.3251154,
              41.9598969
            ],
            [
              -88.3251093,
              41.9596403
            ],
            [
              -88.3251524,
              41.9594754
            ],
            [
              -88.3252387,
              41.9592508
            ],
            [
              -88.3252263,
              41.959008
            ],
            [
              -88.3251647,
              41.9587468
            ],
            [
              -88.3250661,
              41.9585727
            ],
            [
              -88.3249552,
              41.9585268
            ],
            [
              -88.3246286,
              41.9585131
            ],
            [
              -88.3243945,
              41.9585177
            ],
            [
              -88.3242428,
              41.9585673
            ],
            [
              -88.3241784,
              41.9587147
            ],
            [
              -88.3241788,
              41.9588614
            ],
            [
              -88.3241172,
              41.9590996
            ],
            [
              -88.3238522,
              41.9596632
            ],
            [
              -88.323655,
              41.9600298
            ],
            [
              -88.3235447,
              41.9601646
            ],
            [
              -88.3235872,
              41.9602727
            ],
            [
              -88.3236488,
              41.9603002
            ],
            [
              -88.3238214,
              41.9601994
            ],
            [
              -88.3240062,
              41.9600573
            ],
            [
              -88.3242404,
              41.960039
            ],
            [
              -88.3244314,
              41.960094
            ],
            [
              -88.3244622,
              41.9603139
            ],
            [
              -88.3244438,
              41.9604926
            ],
            [
              -88.3244314,
              41.9606301
            ],
            [
              -88.3246101,
              41.9607538
            ],
            [
              -88.325023,
              41.9607859
            ]
          ]
        ]
      },
      "id": "way/713432409"
    },
    {
      "type": "Feature",
      "properties": {
        "@id": "way/715463025",
        "natural": "water",
        "water": "pond"
      },
      "geometry": {
        "type": "Polygon",
        "coordinates": [
          [
            [
              -88.3109801,
              41.9517846
            ],
            [
              -88.3109848,
              41.9518245
            ],
            [
              -88.3110665,
              41.9518731
            ],
            [
              -88.3111506,
              41.9518558
            ],
            [
              -88.3112206,
              41.9517846
            ],
            [
              -88.3112183,
              41.9517377
            ],
            [
              -88.3111949,
              41.9516856
            ],
            [
              -88.3111506,
              41.9516404
            ],
            [
              -88.3111015,
              41.9516127
            ],
            [
              -88.3110595,
              41.9515797
            ],
            [
              -88.3110665,
              41.9515588
            ],
            [
              -88.3110899,
              41.9515345
            ],
            [
              -88.3111086,
              41.9515033
            ],
            [
              -88.3111109,
              41.9514737
            ],
            [
              -88.3110945,
              41.9514512
            ],
            [
              -88.3110502,
              41.9514407
            ],
            [
              -88.3110432,
              41.9514147
            ],
            [
              -88.3110619,
              41.9513765
            ],
            [
              -88.3111015,
              41.9513383
            ],
            [
              -88.3111319,
              41.9513001
            ],
            [
              -88.3111319,
              41.9512601
            ],
            [
              -88.3111109,
              41.9512237
            ],
            [
              -88.3110782,
              41.9511959
            ],
            [
              -88.3110782,
              41.9511594
            ],
            [
              -88.3110829,
              41.9511247
            ],
            [
              -88.3110432,
              41.9510726
            ],
            [
              -88.3109825,
              41.9510622
            ],
            [
              -88.3109077,
              41.9510639
            ],
            [
              -88.310847,
              41.951109
            ],
            [
              -88.310819,
              41.9511629
            ],
            [
              -88.3108165,
              41.9512369
            ],
            [
              -88.3108517,
              41.9512862
            ],
            [
              -88.3108961,
              41.9513192
            ],
            [
              -88.3109007,
              41.9513591
            ],
            [
              -88.3108797,
              41.9513938
            ],
            [
              -88.3108607,
              41.951444
            ],
            [
              -88.3108517,
              41.9515119
            ],
            [
              -88.3108564,
              41.9516022
            ],
            [
              -88.3108774,
              41.9516682
            ],
            [
              -88.3109381,
              41.9517082
            ],
            [
              -88.3109708,
              41.9517307
            ],
            [
              -88.3109848,
              41.9517464
            ],
            [
              -88.3109801,
              41.9517846
            ]
          ]
        ]
      },
      "id": "way/715463025"
    },
    {
      "type": "Feature",
      "properties": {
        "@id": "way/715463026",
        "natural": "water",
        "water": "pond"
      },
      "geometry": {
        "type": "Polygon",
        "coordinates": [
          [
            [
              -88.3110619,
              41.9521458
            ],
            [
              -88.3110665,
              41.952184
            ],
            [
              -88.3110922,
              41.952217
            ],
            [
              -88.3111669,
              41.9522239
            ],
            [
              -88.311244,
              41.9522048
            ],
            [
              -88.3113397,
              41.9521909
            ],
            [
              -88.3113864,
              41.9521631
            ],
            [
              -88.3114191,
              41.9521249
            ],
            [
              -88.3114191,
              41.9520902
            ],
            [
              -88.3113958,
              41.9520555
            ],
            [
              -88.3113467,
              41.952026
            ],
            [
              -88.311272,
              41.9520173
            ],
            [
              -88.311209,
              41.9520138
            ],
            [
              -88.3111436,
              41.9520277
            ],
            [
              -88.3110945,
              41.9520537
            ],
            [
              -88.3110689,
              41.9520867
            ],
            [
              -88.3110619,
              41.9521458
            ]
          ]
        ]
      },
      "id": "way/715463026"
    },
    {
      "type": "Feature",
      "properties": {
        "@id": "way/715568327",
        "natural": "water",
        "water": "pond"
      },
      "geometry": {
        "type": "Polygon",
        "coordinates": [
          [
            [
              -88.3283603,
              41.970942
            ],
            [
              -88.328424,
              41.9709262
            ],
            [
              -88.32847,
              41.9708788
            ],
            [
              -88.3285585,
              41.9707788
            ],
            [
              -88.3286363,
              41.9707078
            ],
            [
              -88.3287638,
              41.9705815
            ],
            [
              -88.328877,
              41.9705104
            ],
            [
              -88.3289336,
              41.9704789
            ],
            [
              -88.3289407,
              41.9704368
            ],
            [
              -88.3288664,
              41.9704026
            ],
            [
              -88.3287602,
              41.9703605
            ],
            [
              -88.3286186,
              41.9703578
            ],
            [
              -88.3284311,
              41.9703868
            ],
            [
              -88.3282895,
              41.9704473
            ],
            [
              -88.3281373,
              41.9705341
            ],
            [
              -88.3280205,
              41.9706262
            ],
            [
              -88.3279851,
              41.9706683
            ],
            [
              -88.3279285,
              41.9707078
            ],
            [
              -88.327925,
              41.9707683
            ],
            [
              -88.327932,
              41.9708183
            ],
            [
              -88.3281302,
              41.9709104
            ],
            [
              -88.3283603,
              41.970942
            ]
          ]
        ]
      },
      "id": "way/715568327"
    },
    {
      "type": "Feature",
      "properties": {
        "@id": "way/715568328",
        "natural": "water",
        "water": "pond"
      },
      "geometry": {
        "type": "Polygon",
        "coordinates": [
          [
            [
              -88.3316517,
              41.9698289
            ],
            [
              -88.3317084,
              41.9697789
            ],
            [
              -88.3317225,
              41.9696789
            ],
            [
              -88.3317261,
              41.9695131
            ],
            [
              -88.3317225,
              41.9694474
            ],
            [
              -88.3317048,
              41.9694184
            ],
            [
              -88.3316588,
              41.9694105
            ],
            [
              -88.3315597,
              41.9694316
            ],
            [
              -88.3314429,
              41.9694368
            ],
            [
              -88.3312341,
              41.9694316
            ],
            [
              -88.3310642,
              41.9694158
            ],
            [
              -88.3309404,
              41.9694158
            ],
            [
              -88.3308873,
              41.9694263
            ],
            [
              -88.3308342,
              41.9694763
            ],
            [
              -88.3308236,
              41.9695474
            ],
            [
              -88.3308342,
              41.9696316
            ],
            [
              -88.3308625,
              41.9697289
            ],
            [
              -88.3309014,
              41.9698315
            ],
            [
              -88.3309191,
              41.9698815
            ],
            [
              -88.330997,
              41.9699105
            ],
            [
              -88.3311067,
              41.9698921
            ],
            [
              -88.3312589,
              41.9698552
            ],
            [
              -88.3314677,
              41.9698315
            ],
            [
              -88.3316517,
              41.9698289
            ]
          ]
        ]
      },
      "id": "way/715568328"
    },
    {
      "type": "Feature",
      "properties": {
        "@id": "way/715840557",
        "natural": "water",
        "water": "pond"
      },
      "geometry": {
        "type": "Polygon",
        "coordinates": [
          [
            [
              -88.3056358,
              41.9762358
            ],
            [
              -88.3057198,
              41.9762601
            ],
            [
              -88.3057665,
              41.9762115
            ],
            [
              -88.3058413,
              41.9761143
            ],
            [
              -88.3058336,
              41.9759026
            ],
            [
              -88.3057712,
              41.9757393
            ],
            [
              -88.3057712,
              41.9756178
            ],
            [
              -88.3056358,
              41.9753227
            ],
            [
              -88.3055471,
              41.9751665
            ],
            [
              -88.305435,
              41.9749547
            ],
            [
              -88.3054256,
              41.9747707
            ],
            [
              -88.305463,
              41.974611
            ],
            [
              -88.3054677,
              41.9744443
            ],
            [
              -88.305421,
              41.9743506
            ],
            [
              -88.3053276,
              41.9742568
            ],
            [
              -88.3051828,
              41.9742568
            ],
            [
              -88.3051221,
              41.9742777
            ],
            [
              -88.3050987,
              41.97442
            ],
            [
              -88.3050987,
              41.9746839
            ],
            [
              -88.3051221,
              41.9748957
            ],
            [
              -88.3050801,
              41.975281
            ],
            [
              -88.305038,
              41.9755484
            ],
            [
              -88.3050801,
              41.9757602
            ],
            [
              -88.3050987,
              41.9759372
            ],
            [
              -88.3052202,
              41.9760414
            ],
            [
              -88.3054443,
              41.9761559
            ],
            [
              -88.3056358,
              41.9762358
            ]
          ]
        ]
      },
      "id": "way/715840557"
    },
    {
      "type": "Feature",
      "properties": {
        "@id": "way/715981373",
        "natural": "water",
        "water": "pond"
      },
      "geometry": {
        "type": "Polygon",
        "coordinates": [
          [
            [
              -88.3293322,
              41.9530738
            ],
            [
              -88.3294216,
              41.952902
            ],
            [
              -88.3295756,
              41.9526453
            ],
            [
              -88.3297821,
              41.9525078
            ],
            [
              -88.3300131,
              41.9523749
            ],
            [
              -88.3302011,
              41.9522512
            ],
            [
              -88.3303058,
              41.9521343
            ],
            [
              -88.3303613,
              41.952006
            ],
            [
              -88.3303767,
              41.9518594
            ],
            [
              -88.3303397,
              41.9517379
            ],
            [
              -88.3302689,
              41.9517219
            ],
            [
              -88.3300409,
              41.9517219
            ],
            [
              -88.3297913,
              41.9517448
            ],
            [
              -88.3295387,
              41.9518204
            ],
            [
              -88.3293538,
              41.9519533
            ],
            [
              -88.3291628,
              41.9520977
            ],
            [
              -88.3290395,
              41.9523864
            ],
            [
              -88.3290642,
              41.9526705
            ],
            [
              -88.3290734,
              41.9528332
            ],
            [
              -88.3291412,
              41.9529776
            ],
            [
              -88.3292336,
              41.9530853
            ],
            [
              -88.3292891,
              41.9531059
            ],
            [
              -88.3293322,
              41.9530738
            ]
          ]
        ]
      },
      "id": "way/715981373"
    },
    {
      "type": "Feature",
      "properties": {
        "@id": "way/719421636",
        "natural": "water",
        "water": "pond"
      },
      "geometry": {
        "type": "Polygon",
        "coordinates": [
          [
            [
              -88.2624172,
              41.9817791
            ],
            [
              -88.2621908,
              41.9818337
            ],
            [
              -88.2619881,
              41.9819572
            ],
            [
              -88.261812,
              41.9821007
            ],
            [
              -88.2616846,
              41.9821931
            ],
            [
              -88.2618115,
              41.9822915
            ],
            [
              -88.2618708,
              41.9825904
            ],
            [
              -88.2618882,
              41.9827882
            ],
            [
              -88.2618879,
              41.9830246
            ],
            [
              -88.2618966,
              41.9831969
            ],
            [
              -88.2619845,
              41.9832597
            ],
            [
              -88.2621005,
              41.9832649
            ],
            [
              -88.2622964,
              41.9831852
            ],
            [
              -88.2625873,
              41.9831952
            ],
            [
              -88.2627492,
              41.9834482
            ],
            [
              -88.2630431,
              41.9833419
            ],
            [
              -88.2632195,
              41.9832444
            ],
            [
              -88.2631363,
              41.9831052
            ],
            [
              -88.262944,
              41.982948
            ],
            [
              -88.2626748,
              41.9826482
            ],
            [
              -88.2622863,
              41.9825351
            ],
            [
              -88.2621276,
              41.9823935
            ],
            [
              -88.2621968,
              41.9822755
            ],
            [
              -88.2622287,
              41.9821186
            ],
            [
              -88.2624172,
              41.9817791
            ]
          ]
        ]
      },
      "id": "way/719421636"
    },
    {
      "type": "Feature",
      "properties": {
        "@id": "way/719421638",
        "natural": "water",
        "water": "pond"
      },
      "geometry": {
        "type": "Polygon",
        "coordinates": [
          [
            [
              -88.2633616,
              41.9810353
            ],
            [
              -88.2630744,
              41.9806299
            ],
            [
              -88.2628612,
              41.9804435
            ],
            [
              -88.2626175,
              41.980485
            ],
            [
              -88.2624205,
              41.9806453
            ],
            [
              -88.2623823,
              41.9808468
            ],
            [
              -88.2623606,
              41.9810529
            ],
            [
              -88.2624543,
              41.9811912
            ],
            [
              -88.2624358,
              41.9813436
            ],
            [
              -88.2625864,
              41.9814314
            ],
            [
              -88.2627346,
              41.9814033
            ],
            [
              -88.2629287,
              41.9812925
            ],
            [
              -88.2632029,
              41.9811906
            ],
            [
              -88.2633616,
              41.9810353
            ]
          ]
        ]
      },
      "id": "way/719421638"
    },
    {
      "type": "Feature",
      "properties": {
        "@id": "way/730838545",
        "natural": "water",
        "water": "pond"
      },
      "geometry": {
        "type": "Polygon",
        "coordinates": [
          [
            [
              -88.3378005,
              41.965613
            ],
            [
              -88.3375913,
              41.9651981
            ],
            [
              -88.3374626,
              41.9647913
            ],
            [
              -88.3355019,
              41.9648386
            ],
            [
              -88.3350117,
              41.9648969
            ],
            [
              -88.3349145,
              41.9650585
            ],
            [
              -88.3353336,
              41.9651054
            ],
            [
              -88.335763,
              41.9653277
            ],
            [
              -88.3359391,
              41.965593
            ],
            [
              -88.3378005,
              41.965613
            ]
          ]
        ]
      },
      "id": "way/730838545"
    },
    {
      "type": "Feature",
      "properties": {
        "@id": "way/1165123963",
        "intermittent": "yes",
        "natural": "water",
        "water": "basin"
      },
      "geometry": {
        "type": "Polygon",
        "coordinates": [
          [
            [
              -88.3195727,
              41.9877871
            ],
            [
              -88.3195788,
              41.9871642
            ],
            [
              -88.3183649,
              41.987155
            ],
            [
              -88.3180075,
              41.9869947
            ],
            [
              -88.3178411,
              41.9868069
            ],
            [
              -88.3175576,
              41.9868344
            ],
            [
              -88.3174467,
              41.9873565
            ],
            [
              -88.31757,
              41.987581
            ],
            [
              -88.3195727,
              41.9877871
            ]
          ]
        ]
      },
      "id": "way/1165123963"
    },
    {
      "type": "Feature",
      "properties": {
        "@id": "way/1243194626",
        "natural": "water",
        "water": "pond"
      },
      "geometry": {
        "type": "Polygon",
        "coordinates": [
          [
            [
              -88.3337515,
              41.9767324
            ],
            [
              -88.3337152,
              41.9767258
            ],
            [
              -88.3336648,
              41.9767344
            ],
            [
              -88.3336073,
              41.976764
            ],
            [
              -88.3335082,
              41.9768389
            ],
            [
              -88.3334621,
              41.9768876
            ],
            [
              -88.3333816,
              41.9769455
            ],
            [
              -88.334001,
              41.977156
            ],
            [
              -88.3341027,
              41.9771678
            ],
            [
              -88.3341779,
              41.9771705
            ],
            [
              -88.3342195,
              41.9771014
            ],
            [
              -88.3342098,
              41.9770422
            ],
            [
              -88.3341841,
              41.9770159
            ],
            [
              -88.3341417,
              41.9769883
            ],
            [
              -88.3341098,
              41.9769705
            ],
            [
              -88.3340337,
              41.976954
            ],
            [
              -88.3339868,
              41.9769448
            ],
            [
              -88.3339355,
              41.9769264
            ],
            [
              -88.3338762,
              41.976883
            ],
            [
              -88.3338408,
              41.9768271
            ],
            [
              -88.3338063,
              41.9767837
            ],
            [
              -88.3337754,
              41.9767436
            ],
            [
              -88.3337515,
              41.9767324
            ]
          ]
        ]
      },
      "id": "way/1243194626"
    },
    {
      "type": "Feature",
      "properties": {
        "@id": "way/1243194627",
        "natural": "water",
        "water": "pond"
      },
      "geometry": {
        "type": "Polygon",
        "coordinates": [
          [
            [
              -88.3333087,
              41.977245
            ],
            [
              -88.3332919,
              41.9772864
            ],
            [
              -88.3333007,
              41.9773989
            ],
            [
              -88.3333113,
              41.9774936
            ],
            [
              -88.3333166,
              41.9775909
            ],
            [
              -88.3333192,
              41.9777187
            ],
            [
              -88.3333248,
              41.9777493
            ],
            [
              -88.3333644,
              41.9777803
            ],
            [
              -88.3333888,
              41.9777912
            ],
            [
              -88.3334681,
              41.9777984
            ],
            [
              -88.3335636,
              41.9777924
            ],
            [
              -88.3336841,
              41.9777614
            ],
            [
              -88.333743,
              41.9777323
            ],
            [
              -88.3337832,
              41.977707
            ],
            [
              -88.3338284,
              41.9776681
            ],
            [
              -88.3338762,
              41.9776091
            ],
            [
              -88.3338914,
              41.9775706
            ],
            [
              -88.3339051,
              41.9775203
            ],
            [
              -88.3339031,
              41.9774633
            ],
            [
              -88.3338838,
              41.9773998
            ],
            [
              -88.3338396,
              41.9773379
            ],
            [
              -88.3337537,
              41.9772774
            ],
            [
              -88.3336942,
              41.9772517
            ],
            [
              -88.3336373,
              41.9772313
            ],
            [
              -88.3335677,
              41.9772155
            ],
            [
              -88.333492,
              41.9772128
            ],
            [
              -88.3334244,
              41.9772196
            ],
            [
              -88.3333502,
              41.9772211
            ],
            [
              -88.3333087,
              41.977245
            ]
          ]
        ]
      },
      "id": "way/1243194627"
    },
    {
      "type": "Feature",
      "properties": {
        "@id": "way/1243194628",
        "natural": "water",
        "water": "pond"
      },
      "geometry": {
        "type": "Polygon",
        "coordinates": [
          [
            [
              -88.333127,
              41.9772769
            ],
            [
              -88.3330932,
              41.9772416
            ],
            [
              -88.3330097,
              41.9772199
            ],
            [
              -88.3329688,
              41.9772225
            ],
            [
              -88.3328206,
              41.9772464
            ],
            [
              -88.3326157,
              41.9772854
            ],
            [
              -88.3324621,
              41.9773232
            ],
            [
              -88.3322333,
              41.9773701
            ],
            [
              -88.3320512,
              41.9774065
            ],
            [
              -88.3318842,
              41.9774339
            ],
            [
              -88.3317716,
              41.9774569
            ],
            [
              -88.331719,
              41.9774838
            ],
            [
              -88.3316822,
              41.9775159
            ],
            [
              -88.3316653,
              41.9775584
            ],
            [
              -88.3316618,
              41.977597
            ],
            [
              -88.3316828,
              41.9776287
            ],
            [
              -88.3317231,
              41.9776656
            ],
            [
              -88.3317908,
              41.9776955
            ],
            [
              -88.331848,
              41.9777081
            ],
            [
              -88.3319128,
              41.9777125
            ],
            [
              -88.3320955,
              41.9777081
            ],
            [
              -88.3322286,
              41.9777177
            ],
            [
              -88.3324032,
              41.9777303
            ],
            [
              -88.3325106,
              41.9777428
            ],
            [
              -88.3326437,
              41.9777654
            ],
            [
              -88.3327791,
              41.9777806
            ],
            [
              -88.33289,
              41.9777932
            ],
            [
              -88.3330097,
              41.9777958
            ],
            [
              -88.3330926,
              41.9777901
            ],
            [
              -88.3331387,
              41.9777711
            ],
            [
              -88.3331538,
              41.9777315
            ],
            [
              -88.333127,
              41.9772769
            ]
          ]
        ]
      },
      "id": "way/1243194628"
    },
    {
      "type": "Feature",
      "properties": {
        "@id": "way/1455379496",
        "natural": "water",
        "water": "pond"
      },
      "geometry": {
        "type": "Polygon",
        "coordinates": [
          [
            [
              -88.3096599,
              41.9493963
            ],
            [
              -88.3097833,
              41.9493294
            ],
            [
              -88.3096736,
              41.9492229
            ],
            [
              -88.3093598,
              41.9491515
            ],
            [
              -88.3091359,
              41.9489827
            ],
            [
              -88.3091136,
              41.9488512
            ],
            [
              -88.3091511,
              41.94873
            ],
            [
              -88.3090018,
              41.9486622
            ],
            [
              -88.3088388,
              41.9486235
            ],
            [
              -88.3087594,
              41.9488418
            ],
            [
              -88.3087306,
              41.9491028
            ],
            [
              -88.3092882,
              41.9493101
            ],
            [
              -88.3096599,
              41.9493963
            ]
          ]
        ]
      },
      "id": "way/1455379496"
    },
    {
      "type": "Feature",
      "properties": {
        "@id": "way/1536857273",
        "natural": "water"
      },
      "geometry": {
        "type": "Polygon",
        "coordinates": [
          [
            [
              -88.3182449,
              41.9561187
            ],
            [
              -88.3182139,
              41.9563077
            ],
            [
              -88.3182502,
              41.9564027
            ],
            [
              -88.3183269,
              41.9564637
            ],
            [
              -88.3184022,
              41.9565416
            ],
            [
              -88.3185151,
              41.9565716
            ],
            [
              -88.3186791,
              41.9565586
            ],
            [
              -88.318866,
              41.9565336
            ],
            [
              -88.3190166,
              41.9564967
            ],
            [
              -88.3190677,
              41.9564427
            ],
            [
              -88.3190596,
              41.9563827
            ],
            [
              -88.31903,
              41.9563437
            ],
            [
              -88.3190273,
              41.9562667
            ],
            [
              -88.3189749,
              41.9561437
            ],
            [
              -88.3188996,
              41.9560977
            ],
            [
              -88.318749,
              41.9560777
            ],
            [
              -88.3186374,
              41.9560687
            ],
            [
              -88.3185191,
              41.9560847
            ],
            [
              -88.3184264,
              41.9561127
            ],
            [
              -88.3183968,
              41.9560867
            ],
            [
              -88.3183309,
              41.9560487
            ],
            [
              -88.3182825,
              41.9560317
            ],
            [
              -88.3182381,
              41.9560417
            ],
            [
              -88.3182489,
              41.9560777
            ],
            [
              -88.3182449,
              41.9561187
            ]
          ]
        ]
      },
      "id": "way/1536857273"
    }
  ]
}